,Unnamed: 0,t,S,J,ET,Q,C_in,C_out,C_in --> Q
0,1,1,23.8643791666667,0.0,0.0,0.0212857142857143,0.0,0.0,0.0
1,2,2,23.804921875,0.0,0.0392396,0.0213,0.0,0.0,0.0
2,3,3,23.74708,0.0,0.05088,0.0213,0.0,0.0,0.0
3,4,4,23.697625,0.0,0.0412397,0.0213,0.0,0.0,0.0
4,5,5,23.648835,0.0,0.040005,0.02128,0.0,0.0,0.0
5,6,6,23.589146875,0.0,0.0318964,0.0212,0.0,0.0,0.0
6,7,7,23.5622807291667,0.0,0.0529579,0.0212,0.0,0.0,0.0
7,8,8,23.59035,0.127,0.00550401,0.0211166666666667,12.7,0.0,0.0005940239570351355
8,9,9,23.5724416666667,0.0,0.00196543,0.0210333333333333,0.0,0.0,0.001188035631006404
9,10,10,23.5487,0.0,0.00505272,0.02085,0.0,0.0,0.0011880173050719106
10,11,11,23.5199125,0.0,0.0297062,0.0207,0.0,0.0,0.0011879991252658358
11,12,12,23.44768125,0.0,0.0383665,0.020375,0.0,0.0,0.0011879811535647296
12,13,13,23.39946875,0.0,0.0453607,0.02015,0.0,0.0,0.0011879634227737615
13,14,14,23.360334375,0.0,0.0388666,0.019875,0.0,0.0,0.0011879459110061108
14,15,15,23.316890625,0.0,0.0109675,0.0195,0.0,0.0,0.0011879286838787212
15,16,16,23.284209375,0.0,0.0322082,0.019225,0.0,0.0,0.0011879117413794316
16,17,17,23.2479916666667,0.0,0.0107936,0.0188333333333333,0.0,0.0,0.0011878950907874886
17,18,18,23.2144791666667,0.0,0.0286349,0.0185,0.0,0.0,0.0011878787576112193
18,19,19,23.169846875,0.0,0.0115209,0.0181,0.0,0.0,0.0011878627454831336
19,20,20,23.136465625,0.0,0.0332128,0.01775,0.0,0.0,0.0011878470616817239
20,21,21,23.1051041666667,0.0,0.0199359,0.0174,0.0,3.56333333333333e-30,0.0011878316843201677
21,22,22,23.08215,0.0,0.00390259,0.01715,0.0,1.825e-29,0.0011878165696396746
22,23,23,23.058875,0.0,0.00331538,0.0167,0.0,1.2375e-28,0.0011878017613763834
23,24,24,23.03875,0.0,0.004954,0.0164,0.0,3.71e-28,0.0011877872813921171
24,25,25,23.00633125,0.0,0.0144066,0.016,0.0,2.965e-27,0.0011877731078019538
25,26,26,22.9898375,0.0,0.0031176,0.0157,0.0,7.7e-27,0.0011877592405951062
26,27,27,22.966475,0.0,0.00355763,0.0154,0.0,3.1100000000000004e-26,0.0011877456360163817
27,28,28,22.9460875,0.0,0.00624708,0.015,0.0,1.11e-25,0.0011877323378005626
28,29,29,22.9110875,0.0,0.0203863,0.0146,0.0,4.835e-25,0.001187719389680855
29,30,30,22.89315,0.0,0.00538603,0.0143,0.0,1.0099999999999999e-24,0.0011877067479029463
30,31,31,22.8727625,0.0,0.0116437,0.014,0.0,2.7899999999999998e-24,0.0011876943687144888
31,32,32,22.7980375,0.0,0.0473845,0.0135,0.0,1.2724e-23,0.0011876823395912106
32,33,33,22.7896828703704,0.0,0.0630768,0.0132888888888889,0.0,2.2055555555555602e-23,0.001187670621641408
33,34,34,22.8406791666667,0.2032,0.0399452,0.0129888888888889,20.32,4.9199999999999993e-23,0.0027083634921321034
34,35,35,22.82735,0.0,0.00712377,0.0127,0.0,1.06166666666667e-22,0.004229037544769162
35,36,36,22.8869732954545,0.0,0.0131493,0.0123212121212121,0.0,2.45348484848485e-22,0.004228998573310168
36,37,37,22.9795588235294,0.2794,0.00714067,0.0121,27.94,4.1488235294117597e-22,0.007104042853828959
37,38,38,22.996465625,0.0,0.00378569,0.0118,0.0,8.307499999999999e-22,0.00997905441522269
38,39,39,22.9917625,0.0,0.00279184,0.01155,0.0,1.4500000000000002e-21,0.009978968598250936
39,40,40,22.98485,0.0,0.00368482,0.0113,0.0,2.645e-21,0.009978884619616171
40,41,41,22.9823125,0.0,0.00229452,0.0111,0.0,4.040000000000001e-21,0.009978802295513846
41,42,42,22.9719875,0.0,0.00168419,0.0109,0.0,7.13e-21,0.009978721442145858
42,43,43,22.964025,0.0,0.00221853,0.0106,0.0,1.23e-20,0.009978642426986867
43,44,44,22.9543125,0.0,0.00299701,0.0104,0.0,2.08e-20,0.009978565249994213
44,45,45,22.946175,0.0,0.00243267,0.0103,0.0,3.46e-20,0.009978489176114673
45,46,46,22.9368125,0.0,0.00200145,0.0101,0.0,5.68e-20,0.00997841420532208
46,47,47,22.92395,0.0,0.00474912,0.00995,0.0,9.23e-20,0.009978340521342173
47,48,48,22.909775,0.0,0.00657635,0.00983,0.0,1.49e-19,0.009978267830148668
48,49,49,22.8979625,0.0,0.00714009,0.00972,0.0,2.38e-19,0.009978195984721987
49,50,50,22.87915,0.0,0.0139899,0.00962,0.0,3.78e-19,0.009978124911545507
50,51,51,22.84778125,0.0,0.027755,0.00952,0.0,6.78e-19,0.009978054573853756
51,52,52,22.810353125,0.0,0.0210071,0.0094325,0.0,1.2222500000000002e-18,0.009977984925695406
52,53,53,22.774740625,0.0,0.0387192,0.00937,0.0,1.9325e-18,0.009977915829249524
53,54,54,22.737246875,0.0,0.0477467,0.00931,0.0,3.07e-18,0.009977847183447113
54,55,55,22.708765625,0.0,0.0206349,0.00926,0.0,4.9e-18,0.009977778942344018
55,56,56,22.673245,0.0,0.0203362,0.009204,0.0,8.2e-18,0.009977711091232811
56,57,57,22.639684375,0.0,0.0443076,0.0091575,0.0,1.27875e-17,0.009977643617244014
57,58,58,22.6097375,0.0,0.0263866,0.0091075,0.0,2.1e-17,0.009977576498321625
58,59,59,22.5770125,0.0,0.0121708,0.009044,0.0,3.63e-17,0.009977509796928212
59,60,60,22.5337583333333,0.0,0.0376622,0.008975,0.0,6.285e-17,0.009977443582874116
60,61,61,22.48649375,0.0,0.0584175,0.0089116666666666,0.0,1.06733333333333e-16,0.009977377855537256
61,62,62,22.44029375,0.0,0.0558421,0.00884,0.0,1.8283333333333298e-16,0.009977312624706938
62,63,63,22.4019395833333,0.0,0.0497727,0.00876,0.0,3.14666666666667e-16,0.009977247951616688
63,64,64,22.3558125,0.0,0.0331092,0.0086685714285714,0.0,5.56428571428571e-16,0.009977183908872197
64,65,65,22.31095,0.0,0.0523529,0.0085742857142857,0.0,9.57428571428571e-16,0.00997712054895492
65,66,66,22.2705583333333,0.0,0.0434463,0.00848,0.0,1.6033333333333301e-15,0.009977057882350503
66,67,67,22.3043215425532,0.0,0.0330776,0.008396914893617,0.0,2.4017021276595704e-15,0.009976995867889273
67,68,68,22.40989375,0.3302,0.0207675,0.0083042857142857,33.02,3.5757142857142906e-15,0.013992549081488576
68,69,69,22.3884791666667,0.0,0.0181545,0.0081866666666666,0.0,6.05e-15,0.01800807066520652
69,70,70,22.367625,0.0,0.0277879,0.00806,0.0,9.97e-15,0.018007962912315593
70,71,71,22.330896875,0.0,0.0284411,0.007895,0.0,1.8375e-14,0.018007857094474954
71,72,72,22.2979458333333,0.0,0.0493356,0.007765,0.0,2.83166666666667e-14,0.01800775323375835
72,73,73,22.2639265625,0.0,0.0360227,0.007625,0.0,4.39875e-14,0.01800765116432731
73,74,74,22.2270840909091,0.0,0.0450066,0.0074790909090909,0.0,6.731818181818181e-14,0.01800755099166267
74,75,75,22.1952420454545,0.0,0.0345323,0.0073381818181818,0.0,9.95181818181818e-14,0.018007452721762015
75,76,76,22.16065,0.0,0.0322461,0.007185,0.0,1.48e-13,0.018007356402827305
76,77,77,22.1204573863636,0.0,0.0374888,0.0070322727272727,0.0,2.17363636363636e-13,0.018007262113205844
77,78,78,22.0741712121212,0.0,0.0544498,0.0068893939393939,0.0,3.08515151515151e-13,0.018007169784536165
78,79,79,22.0310432432432,0.0,0.0609843,0.0067559459459459,0.0,4.25351351351351e-13,0.01800707928892865
79,80,80,21.9904668918919,0.0,0.0400276,0.0066124324324324,0.0,5.92756756756757e-13,0.018006990630565003
80,81,81,21.9498979651163,0.0,0.0426773,0.0064727906976744,0.0,8.10744186046512e-13,0.018006903850494447
81,82,82,21.9142225,0.0,0.0495194,0.0063442857142857,0.0,1.0723142857142899e-12,0.01800681884915529
82,83,83,21.878044551282,0.0,0.0213156,0.0061994871794871,0.0,1.46487179487179e-12,0.018006735660721244
83,84,84,21.840993125,0.0,0.0532919,0.0060755,0.0,1.88875e-12,0.018006654255206197
84,85,85,21.8106636363636,0.0,0.0202407,0.0059412121212121,0.0,2.4833333333333297e-12,0.018006574562881482
85,86,86,21.7700913043478,0.0,0.031149,0.0058089130434782,0.0,3.23282608695652e-12,0.018006496638846837
86,87,87,21.6945543491484,0.0,0.0570431,0.00563700729927,0.0,4.25554744525547e-12,0.018006420732550234
87,88,88,21.6744201041667,0.0,0.105247,0.0056125,0.0,4.86983333333333e-12,0.018006346129125148
88,89,89,21.7041461538462,0.1778,0.0280861,0.0054623076923076,17.78,6.18692307692308e-12,0.019170564115448763
89,90,90,21.69426875,0.0,0.0196718,0.0053025,0.0,8.18e-12,0.020334778048894123
90,91,91,21.6411416666667,0.0,0.0548348,0.0051658974358974,0.0,1.02210256410256e-11,0.020334699648620967
91,92,92,21.5681324621212,0.0,0.102864,0.0050105454545454,0.0,1.24606060606061e-11,0.020334623435153243
92,93,93,21.5300177325581,0.0,0.0843482,0.0049738870431893,0.0,1.4565780730897e-11,0.020334548659968907
93,94,94,21.49389625,0.0,0.0848171,0.0048375714285714,0.0,1.7714285714285698e-11,0.020334475180485086
94,95,95,21.4995575146628,0.0,0.0856659,0.0047323167155425,0.0,2.0684750733137798e-11,0.020334403510413615
95,96,96,21.6111625,0.3048,0.0268984,0.004585,30.48,2.4121428571428597e-11,0.023755925612999596
96,97,97,21.5636801470588,0.0,0.0512114,0.0044094117647058,0.0,3.04941176470588e-11,0.027177435169037645
97,98,98,21.51319375,0.0,0.0934679,0.0042953571428571,0.0,3.5225e-11,0.02717734803982454
98,99,99,21.4629625,0.0,0.0521468,0.0041640909090909,0.0,4.1395454545454496e-11,0.027177263366385068
99,100,100,21.4074545454546,0.0,0.0677887,0.0040361038961039,0.0,4.8298701298701295e-11,0.027177181288149697
100,101,101,21.3848129310345,0.0,0.0665212,0.0039425862068965,0.0,5.412586206896549e-11,0.02717710142726015
101,102,102,21.4023451923077,0.1524,0.0243372,0.0038161538461538,15.24,6.216923076923079e-11,0.028032421899833335
102,103,103,21.3974886363636,0.0,0.0291874,0.003670909090909,0.0,7.282727272727269e-11,0.028887741977432744
103,104,104,21.420925,0.0,0.0305439,0.003560119047619,0.0,8.216309523809519e-11,0.028887665044578886
104,105,105,21.5765018092105,0.254,0.0182384,0.0034261842105263,25.4,9.402894736842109e-11,0.03126369686450767
105,106,106,21.6313183333333,0.254,0.0272194,0.0033333333333333,25.4,1.0326e-10,0.036015829467558304
106,107,107,21.617575,0.0,0.0531356,0.0032133333333333,0.0,1.1666666666666701e-10,0.03839184699252188
107,108,108,21.6242391129032,0.0,0.0637098,0.0030896774193548,0.0,1.31677419354839e-10,0.03839175787043982
108,109,109,21.6902175,0.2032,0.0363001,0.002981,20.32,1.462e-10,0.03991238013517103
109,110,110,21.6822083333333,0.0,0.0272709,0.0028666666666666,0.0,1.62666666666667e-10,0.04143300122922742
110,111,111,21.65218125,0.0,0.0378128,0.0027275,0.0,1.8475e-10,0.04143291586417314
111,112,112,21.6272875,0.0,0.0614735,0.002642,0.0,2.006e-10,0.0414328339276204
112,113,113,21.603715,0.0,0.0244004,0.00252,0.0,2.236e-10,0.041432755157592295
113,114,114,21.621159765625,0.0,0.0266794,0.002423125,0.0,2.4325e-10,0.04143267972764847
114,115,115,21.7144075,0.2032,0.0224756,0.0023288571428571,20.32,2.6608571428571403e-10,0.042953315559605604
115,116,116,21.8332485,0.1524,0.0296008,0.002232,15.24,2.9232e-10,0.04532934940285737
116,117,117,21.94139375,0.2794,0.062128,0.0021378571428571,27.94,3.16857142857143e-10,0.0508103700434416
117,118,118,21.9032953125,0.0,0.0744149,0.00203125,0.0,3.5025e-10,0.05708157537242209
118,119,119,21.8551632352941,0.0,0.085328,0.0019488235294117,0.0,3.79058823529412e-10,0.057081337903572005
119,120,120,21.7891964285714,0.0,0.0856358,0.0018681632653061,0.0,4.11612244897959e-10,0.05708111016620062
120,121,121,21.7239498287671,0.0,0.128513,0.0017961643835616,0.0,4.42e-10,0.05708089153803319
121,122,122,21.7031048387097,0.0,0.0885457,0.0017451612903225,0.0,4.68774193548387e-10,0.05708068024950498
122,123,123,21.7622671875,0.2286,0.044527,0.00168,22.86,5.0775e-10,0.0629449763994545
123,124,124,21.714525,0.0,0.0646663,0.0016214285714285,0.0,5.53714285714286e-10,0.06965688563785385
124,125,125,21.6738375,0.0,0.0771564,0.0015782608695652,0.0,5.91260869565217e-10,0.06965660808396086
125,126,126,21.625420212766,0.0,0.062841,0.0015427659574468,0.0,6.34914893617021e-10,0.06965633735459964
126,127,127,21.850892837274,0.0,0.0859091,0.0015449902642559,0.0,6.73122392211405e-10,0.06965606951224773
127,128,128,22.5418656879195,1.1684,0.0256543,0.0015091946308724,116.84,7.17570469798658e-10,0.15105593460462433
128,129,129,22.9503266791045,0.4572,0.031886,0.0014968656716417,45.72,7.72268656716418e-10,0.2650307123963421
129,130,130,23.1591128125,0.381,0.0238247,0.00149625,38.1,8.235e-10,0.31608467592816725
130,131,131,23.1652904411765,0.0,0.0578344,0.0015029411764705,0.0,8.79647058823529e-10,0.3390160762657297
131,132,132,23.1369133333333,0.0,0.0610478,0.0015146666666666,0.0,9.454e-10,0.3390141303065122
132,133,133,23.088673125,0.0,0.0766273,0.001533,0.0,1.00815e-09,0.3390121649776559
133,134,134,23.0310659090909,0.0,0.0787681,0.0015690909090909,0.0,1.075e-09,0.33901016456740607
134,135,135,22.9681180555556,0.0,0.0851053,0.0016555555555555,0.0,1.14833333333333e-09,0.3390080851420215
135,136,136,22.8974136363636,0.0,0.0871493,0.0018145454545454,0.0,1.2263636363636402e-09,0.33900584745245765
136,137,137,22.800825,0.0,0.0976329,0.0020942857142857,0.0,1.31714285714286e-09,0.33900332687093215
137,138,138,22.6912875,0.0,0.139215,0.00248,0.0,1.4283333333333302e-09,0.33900037720611953
138,139,139,22.8708175694444,0.0,0.16124,0.0029395,0.0,1.55305555555556e-09,0.33899688255871635
139,140,140,23.8071366414141,0.7874,0.0570547,0.0035102828282828,78.74,1.71379797979798e-09,0.40900503993861903
140,141,141,24.5407682239057,1.4732,0.0400443,0.0039409764309764,147.32,1.8572390572390602e-09,0.7977518371209577
141,142,142,24.8542,0.4318,0.0261416,0.0045893589743589,43.18,2.0971794871794903e-09,1.225940457968407
142,143,143,25.2460936587591,0.0,0.0969392,0.0052438686131386,0.0,2.41036496350365e-09,1.3176606623923897
143,144,144,25.6840125,1.016,0.0306128,0.0057324107142857,101.6,2.7183928571428603e-09,1.6119406005320855
144,145,145,25.6228517045455,0.0,0.113042,0.0065429545454545,0.0,3.2375e-09,1.941484606909209
145,146,146,26.4856737605932,0.0,0.133348,0.0081637966101694,0.0,4.06341525423729e-09,1.9413528336483603
146,147,147,27.2726537934492,2.1844,0.075108,0.0102094652406417,218.44,5.054237967914441e-09,3.0295128630731956
147,148,148,27.0973747282609,0.0,0.227412,0.0150673913043478,0.0,8.28492753623188e-09,4.244673658248776
148,149,149,26.8284389423077,0.0,0.275843,0.0248519230769231,0.0,1.20707692307692e-07,4.2436078758145435
149,150,150,26.5519202586207,0.0,0.283655,0.041048275862069,0.0,1.65465172413793e-05,4.241849134479941
150,151,151,26.2366681818182,0.0,0.302777,0.0618393939393939,0.0,0.000543203030303,4.2391049623298445
151,152,152,25.9128784090909,0.0,0.362247,0.0772022727272727,0.0,0.0043004545454545,4.235399698573497
152,153,153,25.56095325,0.0,0.385127,0.084582,0.0,0.0157016,4.231085712124641
153,154,154,25.1764875,0.0,0.504696,0.0864178571428571,0.0,0.0362607142857143,4.22651474986886
154,155,155,24.7517712719298,0.0,0.588607,0.0852035087719298,0.0,0.0664105263157895,4.221931770130085
155,156,156,24.3115935416667,0.0,0.62933,0.0823783333333333,0.0,0.102883333333333,4.217462138714224
156,157,157,23.9117375,0.0,0.708907,0.0782037037037037,0.0,0.143314814814815,4.21318427378984
157,158,158,23.5549433823529,0.0,0.525839,0.0733,0.0,0.185980392156863,4.209152802871876
158,159,159,23.2099364583333,0.0,0.528814,0.0681729166666667,0.0,0.2286875,4.205392234972602
159,160,160,22.8911609756098,0.0,0.459039,0.0630463414634146,0.0,0.270414634146341,4.201907664287995
160,161,161,22.6700745833333,0.0,0.469647,0.05891,0.0,0.303533333333333,4.198672043729048
161,162,162,22.4132416666667,0.2286,0.42806,0.0531,22.86,0.348777777777778,4.322586734595595
162,163,163,22.0264479166667,0.0,0.540477,0.04795,0.0,0.387083333333333,4.449032810426353
163,164,164,21.688209375,0.0,0.471786,0.0434666666666667,0.0,0.418333333333333,4.4463171039334375
164,165,165,21.3070846153846,0.0,0.607334,0.0387538461538462,0.0,0.448538461538462,4.443879492991617
165,166,166,20.9400692307692,0.0,0.640872,0.0340769230769231,0.0,0.474923076923077,4.44172364617678
166,167,167,20.5979852272727,0.0,0.679308,0.0296636363636364,0.0,0.496545454545455,4.439841939946279
167,168,168,20.306685,0.0,0.626354,0.02615,0.0,0.5168,4.4381956595784535
168,169,169,20.0605416666667,0.0,0.564287,0.0230111111111111,0.0,0.533333333333333,4.43675061809357
169,170,170,19.8367652777778,0.0,0.546855,0.0199222222222222,0.0,0.548444444444445,4.435490204798747
170,171,171,19.9646954876682,0.0,0.46296,0.0173708520179372,0.0,0.559582959641256,4.434395702095557
171,172,172,21.2107628142458,1.4224,0.378039,0.0142016759776536,142.24,0.572015363128492,5.496623058892441
172,173,173,22.2812318912237,1.651,0.545743,0.0119773794808405,165.1,0.579758961681088,8.443599933582588
173,174,174,23.2905625,1.651,0.614092,0.0096802484472049,165.1,0.586366459627329,12.565053557996611
174,175,175,23.9936527712264,1.651,0.482681,0.0081331603773584,165.1,0.590339622641509,17.895811252097527
175,176,176,24.6459310096154,0.381,0.454576,0.0057433516483516,38.1,0.594907967032967,21.793651250689862
176,177,177,24.9585037715517,1.651,0.498316,0.0044855603448275,165.1,0.596663793103448,26.410543008767192
177,178,178,25.0682756851852,0.0,0.575808,0.0028172296296296,0.0,0.598656296296296,30.526952922856562
178,179,179,25.4514368888889,1.651,0.560813,0.0022540444444444,165.1,0.599795555555556,35.24506531188861
179,180,180,25.5850723507463,0.0,0.604197,0.0018070597014925,0.0,0.602373134328358,40.290116248573646
180,181,181,26.4658643534002,1.651,0.605891,0.0019756856187291,165.1,0.60584392419175,46.10861263987816
181,182,182,26.7765805346386,1.651,0.610978,0.0037130722891566,165.1,0.634316265060241,59.64981346854948
182,183,183,26.7855964388489,0.0,0.671042,0.0066184748201438,0.0,0.955808633093525,67.52538148724395
183,184,184,26.9794342250922,1.651,0.699001,0.0086374538745387,165.1,1.22121771217712,77.10702226529895
184,185,185,26.39017325,0.0,0.632903,0.014468,0.0,1.6322,87.94455390529909
185,186,186,25.7894079545455,0.0,0.641796,0.0221636363636364,0.0,2.015,87.82648886914153
186,187,187,25.1922008333333,0.0,0.580026,0.0301333333333333,0.0,2.33933333333333,87.66153109631121
187,188,188,24.61889375,0.0,0.606123,0.0354714285714286,0.0,2.59571428571429,87.45516697217835
188,189,189,24.06543125,0.0,0.519935,0.03745,0.0,2.80928571428571,87.13567653973567
189,190,190,23.52435,0.0,0.607343,0.0368214285714286,0.0,2.985,86.80588696346567
190,191,191,22.9742375,0.0,0.501288,0.0345,0.0,3.14357142857143,86.51564245038834
191,192,192,22.3832175,0.0,0.630183,0.0313933333333333,0.0,3.28666666666667,86.19662666501722
192,193,193,21.8393291666667,0.0,0.583834,0.0280066666666667,0.0,3.40933333333333,85.79404870664675
193,194,194,21.5399080188679,0.0,0.590285,0.0249735849056604,0.0,3.50245283018868,85.4774152047731
194,195,195,22.0270035550459,0.508,0.449326,0.0210596330275229,50.8,3.6118119266055,88.73432178971542
195,196,196,22.927660979021,1.651,0.586374,0.0182490909090909,165.1,3.68454545454545,100.0442113577393
196,197,197,23.8491191277081,1.651,0.620683,0.0153843785632839,165.1,3.75327251995439,123.55075760131207
197,198,198,25.017409375,1.7526,0.611386,0.0128246559633028,175.26,3.81147935779817,134.64214361055033
198,199,199,25.9600850323625,1.651,0.626303,0.0109401294498382,165.1,3.8656526429342,149.9635225388842
199,200,200,26.4077149834437,1.651,0.581351,0.0116215231788079,165.1,4.03082781456954,161.12954804889898
200,201,201,27.096987099903,0.1778,0.309507,0.011186129970902,17.78,4.60676042677013,172.40660653499663
201,202,202,27.4762706818182,1.905,0.586085,0.010954025974026,190.5,4.92394805194805,162.775376655125
202,203,203,26.88280375,0.0,0.572838,0.0135114285714286,0.0,5.55957142857143,151.12160644602315
203,204,204,26.2749375,0.0,0.632466,0.0202064516129032,0.0,6.00967741935484,150.5331237876831
204,205,205,25.7040097222222,0.0,0.576143,0.0312944444444444,0.0,6.38,149.6876990879473
205,206,206,25.1236057692308,0.0,0.568023,0.0400615384615385,0.0,6.74384615384615,148.59812895208412
206,207,207,24.5610951923077,0.0,0.570221,0.0435846153846154,0.0,7.08846153846154,147.62731951857447
207,208,208,24.00435,0.0,0.555943,0.0434714285714286,0.0,7.43357142857143,149.56936956413023
208,209,209,23.5192528846154,0.0,0.543537,0.0418230769230769,0.0,7.75076923076923,151.5159497323384
209,210,210,23.1154740384615,0.0,0.419604,0.0386615384615385,0.0,8.05538461538461,152.83521825682243
210,211,211,22.7273885416667,0.0,0.365736,0.0344333333333333,0.0,8.3325,153.8311015839009
211,212,212,22.295940625,0.0,0.456114,0.0301916666666667,0.0,8.5775,154.60876213202584
212,213,213,21.9018333333333,0.0,0.441181,0.0265833333333333,0.0,8.795,155.23314033867953
213,214,214,21.65646875,0.0,0.412337,0.0242318181818182,0.0,8.93090909090909,155.7544590983905
214,215,215,21.381390625,0.127,0.336102,0.020475,12.7,9.14,154.8489506627829
215,216,216,21.0945583333333,0.0,0.330355,0.01745,0.0,9.30333333333333,153.81075699851792
216,217,217,20.8483,0.0,0.315884,0.0149142857142857,0.0,9.43428571428571,154.21819151636777
217,218,218,20.6391791666667,0.0,0.300058,0.0128666666666667,0.0,9.535,154.55057725056054
218,219,219,20.42411875,0.0,0.313113,0.0108666666666667,0.0,9.62833333333333,154.82339998190395
219,220,220,20.5373906818182,0.0,0.305811,0.0090257727272727,0.0,9.70827272727273,155.04502300026795
220,221,221,20.9954309782609,1.016,0.0786085,0.0076782608695652,101.6,9.76260869565217,156.36790285540943
221,222,222,20.9335583333333,0.0,0.162205,0.0061666666666666,0.0,9.82,157.6628303842507
222,223,223,20.79284375,0.0,0.228303,0.00493,0.0,9.87,157.64816473725523
223,224,224,20.64348125,0.0,0.202148,0.00367,0.0,9.91,157.63687004945373
224,225,225,20.555325,0.0,0.156372,0.00286,0.0,9.94,157.62830320557768
225,226,226,20.441925,0.0,0.148529,0.00189,0.0,9.97,157.62207457349032
226,227,227,20.3406875,0.0,0.135199,0.001,0.0,10.0,157.6182860946431
227,228,228,20.245575,0.0,0.128582,0.000198,0.0,10.0,157.6167158930993
228,229,229,20.5556308411215,0.0,0.118359,0.000864,0.0,10.1347352024922,157.61532384307904
229,230,230,22.2059144146341,1.6256,0.0372599,0.0016739024390243,162.56,10.2276097560976,160.23558684173193
230,231,231,23.0407064501779,1.9304,0.0103738,0.0020480782918149,193.04,10.3014234875445,159.54706095343937
231,232,232,23.2959356617647,0.0,0.0542587,0.0025938235294117,0.0,10.4,158.56970250722276
232,233,233,23.4296239130435,0.127,0.050047,0.0030282608695652,12.7,10.4391304347826,158.47867507345518
233,234,234,23.4885556818182,0.1524,0.0312328,0.00353,15.24,10.5818181818182,158.27798443642976
234,235,235,23.4673493055556,0.0,0.0801331,0.0037744444444444,0.0,10.6555555555556,158.1662893784613
235,236,236,23.4494703947368,0.0,0.0757118,0.0039131578947368,0.0,10.7263157894737,158.1720279851492
236,237,237,23.4147333333333,0.0,0.0642277,0.003927619047619,0.0,10.8,158.177877721827
237,238,238,23.3795485,0.0,0.0647911,0.0037032,0.0,10.896,158.18357005727316
238,239,239,23.3352336538462,0.0,0.0653055,0.0032607692307692,0.0,10.9576923076923,158.1887633831321
239,240,240,23.286437890625,0.0,0.0606327,0.0025803125,0.0,11.009375,158.19311232476792
240,241,241,23.2336708333333,0.0,0.065867,0.0016692307692307,0.0,11.1,158.19624080339105
241,242,242,23.1773928571429,0.0,0.0704974,0.0006059673469387,0.0,11.1367346938775,158.19792581277108
242,243,243,23.1176076923077,0.0,0.0724077,0.0005580398307692,0.0,11.2,158.1987862556354
243,244,244,23.0594579225352,0.0,0.0788783,0.0017656338028169,0.0,11.2478873239437,158.2004982232443
244,245,245,23.0067082191781,0.0,0.0698298,0.0029672602739726,0.0,11.3109589041096,158.20398562362365
245,246,246,22.9535793918919,0.0,0.0575035,0.0041136486486486,0.0,11.4,158.20920121046254
246,247,247,22.8979691455696,0.0,0.0588415,0.0051579746835443,0.0,11.4974683544304,158.21603025172197
247,248,248,22.8284925619835,0.0,0.0643762,0.0061187603305785,0.0,11.6066115702479,158.224332431937
248,249,249,22.7579173387097,0.0,0.0965084,0.0068776129032258,0.0,11.7212903225806,158.2337693438702
249,250,250,22.694243125,0.0,0.0814019,0.0075333571428571,0.0,11.8371428571429,158.244190014464
250,251,251,22.6311046052632,0.0,0.0617135,0.0081148120300751,0.0,11.9631578947368,158.25557434046837
251,252,252,22.56179375,0.0,0.0647304,0.0085632467532467,0.0,12.1038961038961,158.26761460075483
252,253,253,22.4940812138728,0.0,0.0795229,0.0089131791907514,0.0,12.242774566474,158.2800056003193
253,254,254,22.47704375,0.0,0.0622587,0.0091284,0.0,12.354,158.29299391885837
254,255,255,22.5617403846154,0.3048,0.0527767,0.0093161538461538,30.48,12.5230769230769,158.06687407519266
255,256,256,22.5167586538462,0.0,0.0557431,0.0094692307692307,0.0,12.6769230769231,157.81904028844122
256,257,257,22.4697465517241,0.0,0.0499561,0.0095279310344827,0.0,12.8413793103448,157.8354153428001
257,258,258,22.4105270220588,0.0,0.0584374,0.0095389705882352,0.0,12.9794117647059,157.8518071778031
258,259,259,22.4064284090909,0.0,0.090896,0.0095168831168831,0.0,13.1233766233766,157.86802593305782
259,260,260,22.5085364583333,0.3302,0.0427828,0.0094575,33.02,13.2333333333333,157.58392865302025
260,261,261,22.4410520833333,0.0,0.0604339,0.0093291666666666,0.0,13.45,157.27696938123222
261,262,262,22.4157579545455,0.0,0.0939176,0.0092563636363636,0.0,13.5181818181818,157.29718671584783
262,263,263,22.41904,0.127,0.0494132,0.009088,12.7,13.74,157.17960403853303
263,264,264,22.37515546875,0.0,0.0481776,0.008919375,0.0,13.875,157.0586328906027
264,265,265,22.3161014204545,0.0,0.0799132,0.0087581818181818,0.0,14.0363636363636,157.07962159054966
265,266,266,22.2628977941176,0.0,0.0883916,0.0085994117647058,0.0,14.1549019607843,157.10033262872741
266,267,267,22.2145549019608,0.0,0.0499186,0.0084162745098039,0.0,14.3058823529412,157.12033300994568
267,268,268,22.16235,0.0,0.046503,0.0082261971830985,0.0,14.4507042253521,157.1398554993163
268,269,269,22.1028619736842,0.0,0.0694307,0.0080382105263157,0.0,14.5747368421053,157.1587476211112
269,270,270,22.030712191358,0.0,0.0759891,0.0078559259259259,0.0,14.7382716049383,157.177089736656
270,271,271,21.980875,0.0,0.0806817,0.0077018803418803,0.0,14.8487179487179,157.1948310440126
271,272,272,21.9319349038462,0.0,0.0360972,0.0075053076923076,0.0,14.98,157.21218179912555
272,273,273,21.8892405626781,0.0,0.059295,0.00732698005698,0.0,15.1188034188034,157.22896241013024
273,274,274,21.8531951335878,0.0,0.0682675,0.0071735114503816,0.0,15.2374045801527,157.24513041871856
274,275,275,21.8149165513834,0.0,0.0364437,0.0069927667984189,0.0,15.3679841897233,157.26108819512598
275,276,276,21.7811983870968,0.0,0.0520851,0.0068693087557603,0.0,15.4857142857143,157.27642372288918
276,277,277,21.7482260625,0.0,0.0824028,0.0066955,0.0,15.62,157.29128063394623
277,278,278,21.7164642763158,0.0,0.0605461,0.0065202631578947,0.0,15.7368421052632,157.3059617070605
278,279,279,21.6858039617486,0.0,0.0693911,0.0063623497267759,0.0,15.8524590163934,157.31997355043006
279,280,280,21.6567931034483,0.0,0.054606,0.006188448275862,0.0,15.9629310344828,157.33348990083084
280,281,281,21.6278773148148,0.0,0.0314687,0.0060256790123456,0.0,16.079012345679,157.34681316955002
281,282,282,21.600116015625,0.0,0.0242493,0.0058552083333333,0.0,16.190625,157.3596065955919
282,283,283,21.5750429372197,0.0,0.0375981,0.00571466367713,0.0,16.3076233183857,157.37191436622678
283,284,284,21.5474875,0.0,0.0668216,0.0055476543209876,0.0,16.4148148148148,157.3838964502038
284,285,285,21.52208625,0.0,0.0191964,0.0053917142857142,0.0,16.5214285714286,157.39558977493942
285,286,286,21.4962958333333,0.0,0.0187846,0.0052285714285714,0.0,16.6253968253968,157.40677307715524
286,287,287,21.4706236111111,0.0,0.0296928,0.005071746031746,0.0,16.7253968253968,157.41759823882293
287,288,288,21.443350862069,0.0,0.0270959,0.0049023152709359,0.0,16.8339901477833,157.42806636953364
288,289,289,21.4208281617647,0.0,0.0550216,0.0047817647058823,0.0,16.9211764705882,157.4381484656942
289,290,290,21.3955533390411,0.0,0.078832,0.0046318493150684,0.0,17.0178082191781,157.44793358761012
290,291,291,21.3708815789474,0.0,0.0714543,0.0044600751879699,0.0,17.1105263157895,157.45737933570757
291,292,292,21.34724375,0.0,0.031114,0.0043147297297297,0.0,17.2,157.46648758737842
292,293,293,21.3238025,0.0,0.0169558,0.0041667692307692,0.0,17.3,157.4752004832376
293,294,294,21.3002231707317,0.0,0.0218646,0.0040159756097561,0.0,17.3853658536585,157.48347879347162
294,295,295,21.2790613636364,0.0,0.0363874,0.0038787878787878,0.0,17.469696969697,157.49158283427388
295,296,296,21.2583860252809,0.0,0.0264963,0.0037473033707865,0.0,17.5432584269663,157.4994135125395
296,297,297,21.2370525390625,0.0,0.0520933,0.003608984375,0.0,17.62734375,157.506961628604
297,298,298,21.2161794117647,0.0,0.0358054,0.0034742857142857,0.0,17.7025210084034,157.5141769868933
298,299,299,21.1953563043478,0.0,0.0319144,0.0033361739130434,0.0,17.8,157.5209474525784
299,300,300,21.17497421875,0.0,0.0372675,0.0032059821428571,0.0,17.8714285714286,157.5274435422323
300,301,301,21.1547112385321,0.0,0.0474763,0.0030685321100917,0.0,17.9366972477064,157.5337826448839
301,302,302,21.1350043224299,0.0,0.0524158,0.0029472897196261,0.0,18.0,157.53988916313816
302,303,303,21.1165900423729,0.0,0.046234,0.0028184745762711,0.0,18.0949152542373,157.54573850963172
303,304,304,21.1014759803922,0.0,0.00936035,0.0026939215686274,0.0,18.1509803921569,157.551324175606
304,305,305,21.087025,0.0,0.00871273,0.0025759523809523,0.0,18.2047619047619,157.55655864775858
305,306,306,21.0715263888889,0.0,0.00926334,0.0024575,0.0,18.3,157.56150113188613
306,307,307,21.0460513554217,0.0,0.0169602,0.0023275903614457,0.0,18.366265060241,157.56619753481567
307,308,308,21.0293256674757,0.0,0.0503622,0.0022328640776699,0.0,18.4,157.57067143051154
308,309,309,21.0078045353982,0.0,0.0683926,0.0021276991150442,0.0,18.4823008849558,157.57495605059307
309,310,310,20.9886748417722,0.0,0.0571301,0.0020130379746835,0.0,18.5139240506329,157.57910726287741
310,311,311,20.9704129901961,0.0,0.0240145,0.0019121568627451,0.0,18.6,157.58304918210825
311,312,312,20.9517,0.0,0.0309368,0.0018073118279569,0.0,18.6376344086021,157.5867831214679
312,313,313,20.9340648611111,0.0,0.0319027,0.0017065555555555,0.0,18.7,157.59030942470483
313,314,314,20.9162821629213,0.0,0.0326892,0.001602808988764,0.0,18.7516853932584,157.593591650106
314,315,315,20.89910725,0.0,0.0288018,0.0015006,0.0,18.8,157.59660857265865
315,316,316,20.88209296875,0.0,0.015754,0.0014066964285714,0.0,18.8517857142857,157.59943161667505
316,317,317,20.8649865168539,0.0,0.0361283,0.0013195505617977,0.0,18.9,157.60207814235935
317,318,318,20.8482441176471,0.0,0.035989,0.0012256470588235,0.0,18.9494117647059,157.60454829298956
318,319,319,20.831509375,0.0,0.0605862,0.0011345238095238,0.0,19.0,157.60683833440353
319,320,320,20.8150734939759,0.0,0.0897565,0.0010435542168674,0.0,19.0325301204819,157.6089512350915
320,321,321,20.7995283854167,0.0,0.0268964,0.0009571666666666,0.0,19.1,157.61089169681094
321,322,322,20.784648828125,0.0,0.00943453,0.00087165625,0.0,19.10078125,157.61266511291987
322,323,323,20.7683702034884,0.0,0.0483496,0.0007974418604651,0.0,19.2,157.61428336977698
323,324,324,20.7530452830189,0.0,0.0329014,0.0007069056603773,0.0,19.2,157.61574167684645
324,325,325,20.7383548076923,0.0,0.0195981,0.0006303406593406,0.0,19.2516483516484,157.61703781787446
325,326,326,20.7231378164557,0.0,0.0481726,0.0005535063291139,0.0,19.3,157.61818513661143
326,327,327,20.7249982876712,0.0,0.0688432,0.0004555383561643,0.0,19.3063926940639,157.61916294737654
327,328,328,20.7767320833333,0.2032,0.0263328,0.0004204,20.32,19.4,157.41713106011906
328,329,329,20.7823641666667,0.0,0.00902279,0.0003124666666666,0.0,19.4,157.1986610291447
329,330,330,20.7578385,0.0,0.0698876,0.0002464,0.0,19.456,157.19930312040952
330,331,331,20.7255487068966,0.0,0.0417917,0.0001748620689655,0.0,19.5,157.19978709133704
331,332,332,20.680353111588,0.0,0.0343683,9.00060815450644e-05,0.0,19.5618025751073,157.20009137746774
332,333,333,20.6564614341085,0.0,0.0748178,3.66029689922481e-05,0.0,19.6,157.20023682494988
333,334,334,20.6388474299065,0.0,0.0326598,2.79891588785047e-05,0.0,19.6448598130841,157.2003110266203
334,335,335,20.6216818181818,0.0,0.0587022,8.88238636363636e-05,0.0,19.7,157.20044521549943
335,336,336,20.6058804104478,0.0,0.0692597,0.0001600597014925,0.0,19.7761194029851,157.20073111443764
336,337,337,20.5928207386364,0.0,0.0217489,0.0002235227272727,0.0,19.8181818181818,157.20117173154384
337,338,338,20.6254192533557,0.0,0.00321112,0.000291666442953,0.0,19.9,157.2017634959861
338,339,339,20.7181058823529,0.254,0.0056216,0.0003376470588235,25.4,19.9235294117647,156.8947348750861
339,340,340,20.7239083333333,0.0,0.00400949,0.000402,0.0,20.0,156.55814673658466
340,341,341,20.7160625,0.0,0.00335438,0.000458,0.0,20.05,156.55948434517998
341,342,342,20.7022958333333,0.0,0.0112491,0.000524,0.0,20.1333333333333,156.5609748459284
342,343,343,20.68749375,0.0,0.0376491,0.0005745,0.0,20.2,156.56263882630745
343,344,344,20.672925,0.0,0.0119169,0.000639,0.0,20.275,156.56447675383785
344,345,345,20.6564555555556,0.0,0.019922,0.000701,0.0,20.3333333333333,156.56650597265087
345,346,346,20.6372177083333,0.0,0.046784,0.0007471666666666,0.0,20.4,156.56869864167908
346,347,347,20.623875,0.0,0.0220846,0.0007917142857142,0.0,20.4428571428571,156.57103151759125
347,348,348,20.6289571428571,0.0,0.00330286,0.0008406530612244,0.0,20.5020408163265,156.57354733561957
348,349,349,20.6858555555556,0.1524,0.00888884,0.0008803333333333,15.24,20.6,156.3365076745368
349,350,350,20.6914166666667,0.0,0.00202733,0.000934,0.0,20.6333333333333,156.0878481899866
350,351,351,20.686225,0.0,0.010806,0.0009775,0.0,20.7,156.09145752838495
351,352,352,20.68171875,0.0,0.00308576,0.00102,0.0,20.75,156.0952283131355
352,353,353,20.6691333333333,0.0,0.0324638,0.0010666666666666,0.0,20.8,156.09916639257347
353,354,354,20.66378125,0.0,0.0079478,0.0011,0.0,20.9,156.10325630969
354,355,355,20.6579625,0.0,0.00224366,0.00114,0.0,20.95,156.10753651318382
355,356,356,20.6450475,0.0,0.0223767,0.00119,0.0,21.0,156.11202264115056
356,357,357,20.6289375,0.0,0.0332862,0.00123,0.0,21.1,156.11668064396616
357,358,358,20.6177475,0.0,0.0238017,0.001262,0.0,21.14,156.12147497803193
358,359,359,20.6108583333333,0.0,0.00158783,0.0012933333333333,0.0,21.2,156.1263046935834
359,360,360,20.60795625,0.0,0.00160255,0.001325,0.0,21.25,156.1311738291182
360,361,361,20.60489375,0.0,0.000915022,0.001355,0.0,21.3,156.13615596951027
361,362,362,20.6024875,0.0,0.00084364,0.00137,0.0,21.4,156.14122004169164
362,363,363,20.5984625,0.0,0.0010775,0.00141,0.0,21.4,156.1463845014659
363,364,364,20.597325,0.0,0.00173942,0.00144,0.0,21.5,156.15167712030907
364,365,365,20.5940875,0.0,0.00683867,0.001475,0.0,21.6,156.15708846534386
365,366,366,20.5926875,0.0,0.00114416,0.00149,0.0,21.6,156.16259059472924
366,367,367,20.581378125,0.0,0.0112278,0.001525,0.0,21.7,156.16818336994965
367,368,368,20.56705,0.0,0.0303106,0.00155,0.0,21.775,156.17393800565145
368,369,369,20.5564916666667,0.0,0.0249646,0.00157,0.0,21.8333333333333,156.17973785845885
369,370,370,20.5504833333333,0.0,0.00188197,0.0015933333333333,0.0,21.9,156.1855264633743
370,371,371,20.59901484375,0.0,0.00142772,0.0016244791666666,0.0,21.95625,156.19141238836855
371,372,372,20.6947326923077,0.254,0.00169954,0.001636923076923,25.4,22.0,155.69919705796167
372,373,373,20.679575,0.0,0.0228342,0.0016533333333333,0.0,22.1,155.1203343042704
373,374,374,20.6794875,0.0,0.00328688,0.001665,0.0,22.1,155.1299788545885
374,375,375,20.6689875,0.0,0.0300977,0.00168,0.0,22.2,155.13981393557972
375,376,376,20.64689375,0.0,0.0420721,0.001695,0.0,22.275,155.14974443627992
376,377,377,20.6254375,0.0,0.042666,0.0017171428571428,0.0,22.3,155.15977905696093
377,378,378,20.6001090909091,0.0,0.0433744,0.0017363636363636,0.0,22.4,155.16993004906473
378,379,379,20.581290625,0.0,0.041137,0.0017475,0.0,22.425,155.18016490622395
379,380,380,20.5612875,0.0,0.011282,0.0017628571428571,0.0,22.5,155.19030175741693
380,381,381,20.5394972222222,0.0,0.0490375,0.0017727777777777,0.0,22.5666666666667,155.20031321709803
381,382,382,20.5157295,0.0,0.0315427,0.0017824,0.0,22.604,155.2103721181766
382,383,383,20.5151258064516,0.0,0.0447778,0.0017819354838709,0.0,22.7,155.22049767536132
383,384,384,20.57857375,0.1778,0.00654346,0.001795,17.78,22.71,154.68331135599274
384,385,385,20.58126875,0.0,0.00278183,0.00181,0.0,22.8,154.04018796008063
385,386,386,20.56831875,0.0,0.0259927,0.00183,0.0,22.85,154.05753985636565
386,387,387,20.5569875,0.0,0.0121052,0.0018366666666666,0.0,22.9,154.07509178401034
387,388,388,20.53595,0.0,0.0363357,0.00184,0.0,22.9857142857143,154.09267985572936
388,389,389,20.5528997641509,0.0,0.0398519,0.0018384905660377,0.0,23.0150943396226,154.1102649133825
389,390,390,20.6310920454545,0.2032,0.00601644,0.0018490909090909,20.32,23.1,152.7337645050785
390,391,391,20.6183833333333,0.0,0.0164413,0.00185,0.0,23.1333333333333,150.287857982057
391,392,392,20.613775,0.0,0.0167934,0.00185,0.0,23.2,150.24653747638774
392,393,393,20.605725,0.0,0.0218238,0.00185,0.0,23.2,150.20523203545702
393,394,394,20.561905,0.0,0.0685876,0.001856,0.0,23.3,150.1947268210256
394,395,395,20.5284028409091,0.0,0.0519354,0.0018572727272727,0.0,23.3909090909091,150.43751646634172
395,396,396,20.515001171875,0.0,0.0710647,0.0018765625,0.0,23.40625,150.60843559295947
396,397,397,20.5585875,0.1524,0.02136,0.0018528571428571,15.24,23.5,152.09930888276466
397,398,398,20.5633458333333,0.0,0.0044185,0.00185,0.0,23.5,154.0297138050362
398,399,399,20.56149375,0.0,0.00303329,0.00185,0.0,23.6,153.97904826500192
399,400,400,20.557775,0.0,0.0114,0.00185,0.0,23.6,153.92839401622658
400,401,401,20.5388458333333,0.0,0.0292598,0.00185,0.0,23.7,153.8778780971664
401,402,402,20.5240175,0.0,0.0237454,0.001846,0.0,23.78,153.82795238225046
402,403,403,20.4972970588235,0.0,0.0306238,0.0018305882352941,0.0,23.8,153.77835386672
403,404,404,20.4679733695652,0.0,0.0724153,0.00183,0.0,23.8869565217391,153.72899208609272
404,405,405,20.4430515625,0.0,0.038328,0.0018283333333333,0.0,23.9083333333333,153.6796815123063
405,406,406,20.4187193965517,0.0,0.0350866,0.0018231034482758,0.0,24.0,153.63054093981842
406,407,407,20.4164082746479,0.0,0.0429772,0.0018219718309859,0.0,24.0183098591549,153.58203602384583
407,408,408,20.4749052083333,0.1778,0.0100542,0.0018166666666666,17.78,24.1,156.39031660785324
408,409,409,20.4728416666667,0.0,0.02092,0.0018133333333333,0.0,24.1333333333333,159.6731225331991
409,410,410,20.472760546875,0.0,0.0302268,0.0018134375,0.0,24.2,159.58849070524553
410,411,411,20.6111772058824,0.1524,0.0250042,0.0018061344537815,15.24,24.253781512605,161.93945103247498
411,412,412,20.7013389423077,0.3048,0.00996764,0.0017988461538461,30.48,24.3,162.2845349490839
412,413,413,20.7307625,0.0,0.0106159,0.001788,0.0,24.34,162.18533900747917
413,414,414,20.7313166666667,0.0,0.0313844,0.0017833333333333,0.0,24.4,162.18570790056293
414,415,415,20.7188041666667,0.0,0.017531,0.00178,0.0,24.4666666666667,162.1860759193382
415,416,416,20.700225,0.0,0.0526528,0.0017725,0.0,24.5,162.18644277719415
416,417,417,20.6938375,0.0,0.0103959,0.00177,0.0,24.55,162.1868085561154
417,418,418,20.69165,0.0,0.00542089,0.00177,0.0,24.6,162.18717403197005
418,419,419,20.691125,0.0,0.00407322,0.00176,0.0,24.6,162.1875384367297
419,420,420,20.688325,0.0,0.00510493,0.00176,0.0,24.7,162.18790176109727
420,421,421,20.685875,0.0,0.00944773,0.00175,0.0,24.8,162.18826401508693
421,422,422,20.6694833333333,0.0,0.0198283,0.0017433333333333,0.0,24.8,162.18862450473148
422,423,423,20.641915,0.0,0.0365183,0.001732,0.0,24.9,162.1889830969528
423,424,424,20.615035,0.0,0.0561229,0.001728,0.0,24.94,162.18934006277527
424,425,425,20.5836458333333,0.0,0.0471612,0.0017216666666666,0.0,25.0,162.18969592391304
425,426,426,20.5594666666667,0.0,0.0513661,0.0017133333333333,0.0,25.0666666666667,162.1900502288878
426,427,427,20.5426375,0.0,0.0237826,0.001702,0.0,25.1,162.19040246596222
427,428,428,20.5308425,0.0,0.013189,0.001694,0.0,25.16,162.1907526672878
428,429,429,20.51783125,0.0,0.0148765,0.0016825,0.0,25.2,162.19110081951067
429,430,430,20.50663125,0.0,0.0115157,0.0016725,0.0,25.25,162.1914467148852
430,431,431,20.491975,0.0,0.0130087,0.001658,0.0,25.3,162.19179004755236
431,432,432,20.4803375,0.0,0.0292777,0.00164,0.0,25.35,162.19212999338413
432,433,433,20.47023125,0.0,0.009027,0.0016225,0.0,25.4,162.19246624251912
433,434,434,20.45806,0.0,0.00933289,0.001606,0.0,25.46,162.19279895052958
434,435,435,20.44413,0.0,0.0211166,0.001586,0.0,25.5,162.19312786292392
435,436,436,20.42026875,0.0,0.027508,0.00157,0.0,25.5666666666667,162.19345303152997
436,437,437,20.4474450539568,0.0,0.0475429,0.0015516546762589,0.0,25.6,162.1937746269145
437,438,438,20.55755,0.3048,0.0225592,0.0015392857142857,30.48,25.6071428571429,162.09845975407978
438,439,439,20.516890625,0.0,0.0581943,0.00152,0.0,25.7,162.0038903013778
439,440,440,20.48676875,0.0,0.0640191,0.001505,0.0,25.7333333333333,162.00421976816418
440,441,441,20.4589875,0.0,0.0407825,0.0014854545454545,0.0,25.8,162.00454544058036
441,442,442,20.4308951388889,0.0,0.054228,0.0014711111111111,0.0,25.8166666666667,162.00486738616215
442,443,443,20.3931026515152,0.0,0.0508753,0.0014557575757575,0.0,25.9,162.00518606571913
443,444,444,20.36066875,0.0,0.0637394,0.0014411904761904,0.0,25.9071428571429,162.00550145496962
444,445,445,20.331154375,0.0,0.0408316,0.001424,0.0,26.0,162.00581335668087
445,446,446,20.3003853723404,0.0,0.040654,0.0014112765957446,0.0,26.0,162.00612196899647
446,447,447,20.2561537197232,0.0,0.0495822,0.0013929757785467,0.0,26.0996539792388,162.00642718096555
447,448,448,20.2245237426035,0.0,0.075153,0.001376923076923,0.0,26.1,162.00672861952557
448,449,449,20.2028608653846,0.0,0.0380171,0.0013756923076923,0.0,26.1861538461538,162.0070281411239
449,450,450,20.1825042045455,0.0,0.0339594,0.0013605454545454,0.0,26.2,162.0073258586634
450,451,451,20.164885125,0.0,0.0346287,0.0013552,0.0,26.275,162.0076213136658
451,452,452,20.1884398863636,0.0,0.0549747,0.0013923622727272,0.0,26.3,162.00792018129354
452,453,453,20.2987565789474,0.3302,0.0560346,0.0013494736842105,33.02,26.3210526315789,161.90242766093692
453,454,454,20.28663,0.0,0.0277455,0.00135,0.0,26.4,161.77970135579181
454,455,455,20.2588203125,0.0,0.0501538,0.0013425,0.0,26.45,161.78001222482314
455,456,456,20.2293291666667,0.0,0.0441042,0.00134,0.0,26.5,161.7803219112491
456,457,457,20.1991875,0.0,0.0393435,0.0013347619047619,0.0,26.5428571428571,161.78063067175714
457,458,458,20.1588848404255,0.0,0.0496826,0.0013329787234042,0.0,26.6,161.78093858804243
458,459,459,20.1156119173729,0.0,0.0627859,0.0013308898305084,0.0,26.628813559322,161.78124602762267
459,460,460,20.0932659090909,0.0,0.0662156,0.0013231818181818,0.0,26.7,161.78155231086083
460,461,461,20.073725,0.0,0.0608112,0.0013252884615384,0.0,26.7067307692308,161.78185791154567
461,462,462,20.0563231944444,0.0,0.0576283,0.0013273333333333,0.0,26.8,161.7821639617809
462,463,463,20.0412006097561,0.0,0.0575154,0.0013298780487804,0.0,26.8,161.78247059886536
463,464,464,20.0253094551282,0.0,0.0937142,0.0013332051282051,0.0,26.8910256410256,161.7827783728902
464,465,465,20.0264354695431,0.0,0.0534289,0.0013314517766497,0.0,26.9,161.78308634708887
465,466,466,20.0695382575758,0.2032,0.0379609,0.0013436363636363,20.32,26.9181818181818,161.6991227126254
466,467,467,20.0776,0.0,0.0263995,0.00135,0.0,27.0,161.6169952521565
467,468,468,20.070246875,0.0,0.0243629,0.00136,0.0,27.0625,161.6173246055657
468,469,469,20.0571,0.0,0.0236286,0.0013636363636363,0.0,27.1,161.61765558938643
469,470,470,20.0413,0.0,0.0245623,0.0013707142857142,0.0,27.1428571428571,161.6179878405292
470,471,471,20.046667961165,0.0,0.0234085,0.0013777669902912,0.0,27.2,161.61832178451309
471,472,472,20.1062895833333,0.2032,0.0289619,0.0013841666666666,20.32,27.2083333333333,161.53736322067522
472,473,473,20.0977729166667,0.0,0.0317614,0.0013966666666666,0.0,27.3,161.45756398207143
473,474,474,20.0684421875,0.0,0.0499702,0.00140375,0.0,27.3125,161.457938386849
474,475,475,20.0310505208333,0.0,0.0659137,0.0014154166666666,0.0,27.4,161.45831529090404
475,476,476,20.0185938596491,0.0,0.04991,0.0014249122807017,0.0,27.4,161.45869200647573
476,477,477,20.0484454545455,0.1778,0.0464938,0.00143,17.78,27.4545454545455,161.38450639586543
477,478,478,20.0542602272727,0.0,0.0339552,0.0014536363636363,0.0,27.5,161.30198902546303
478,479,479,20.0592546875,0.0762,0.0373475,0.00146125,7.62,27.575,161.26617758410072
479,480,480,20.0325801136364,0.0,0.0616439,0.001475,0.0,27.6,161.2299081725217
480,481,481,19.9810319444444,0.0,0.0760843,0.0014879365079365,0.0,27.6666666666667,161.23032294282086
481,482,482,19.9348747557003,0.0,0.0732452,0.0014991856677524,0.0,27.7,161.23074105068952
482,483,483,19.9103446167883,0.0,0.080708,0.001498905109489,0.0,27.7226277372263,161.2311606485057
483,484,484,19.9591086392405,0.0,0.0628422,0.0017648189873417,0.0,27.8,161.23161727215225
484,485,485,20.1422861111111,0.4572,0.0463382,0.0015277777777777,45.72,27.8,161.0197232610362
485,486,486,20.109415625,0.0,0.0616513,0.0015496428571428,0.0,27.9,160.79430640612838
486,487,487,20.1360875,0.127,0.0396107,0.00156,12.7,27.9,160.727882488925
487,488,488,20.101935,0.0,0.0746422,0.001576,0.0,27.98,160.66087906268768
488,489,489,20.059318125,0.0,0.0628268,0.0015905,0.0,28.0,160.6614004280777
489,490,490,20.0044473039216,0.0,0.096262,0.0016041176470588,0.0,28.0705882352941,160.6619263527748
490,491,491,19.9785783536585,0.0,0.0974548,0.0016131707317073,0.0,28.1,160.66245594045716
491,492,492,19.9963583333333,0.2032,0.0932764,0.0016323809523809,20.32,28.147619047619,160.5541304598326
492,493,493,19.9634221354167,0.0,0.0828533,0.001645,0.0,28.2,160.44214432885678
493,494,494,19.9032161057692,0.0,0.0800437,0.0016545,0.0,28.2269230769231,160.44271649058044
494,495,495,19.8762839561856,0.0,0.0775429,0.0016579381443299,0.0,28.3,160.44329081829488
495,496,496,19.8543888274336,0.0,0.0901176,0.0016758407079646,0.0,28.3,160.4438687530306
496,497,497,19.883967965587,0.0,0.0753117,0.0017620829959514,0.0,28.3665991902834,160.44446460378816
497,498,498,20.0039534722222,0.3556,0.062272,0.0017022222222222,35.56,28.4,160.23504596294617
498,499,499,19.9622551470588,0.0,0.0728138,0.0017217647058823,0.0,28.4705882352941,160.02575112029916
499,500,500,19.8961132575758,0.0,0.0839871,0.0017365151515151,0.0,28.5,160.02643122914554
500,501,501,19.8725738425926,0.0,0.09837823,0.0017442592592592,0.0,28.5351851851852,160.02711566407515
501,502,502,19.887109375,0.1778,0.0991811,0.0017516666666666,17.78,28.6,159.91498573336006
502,503,503,19.878140625,0.0,0.1017402,0.0017675,0.0,28.6,159.80125862596208
503,504,504,19.960680326087,0.0,0.0975698,0.0017769130434782,0.0,28.7,159.80201090562431
504,505,505,20.0978370833333,0.381,0.0818856,0.0017901666666666,38.1,28.7,159.554149948546
505,506,506,20.1253096153846,0.1524,0.0470598,0.0017976923076923,15.24,28.7538461538462,159.18889486413593
506,507,507,20.09056875,0.0,0.0659342,0.00181,0.0,28.8,159.07724875526011
507,508,508,20.04275,0.0,0.100634,0.00182,0.0,28.8,159.07815597177347
508,509,509,19.97191875,0.0,0.154385,0.001825,0.0,28.9,159.07906677380495
509,510,510,20.4358034126365,0.0,0.154889,0.0018567862714508,0.0,28.9082683307332,159.07998658715
510,511,511,21.1010925245098,1.651,0.192577,0.001848725490196,165.1,29.0,157.77313001016935
511,512,512,21.5824039772727,0.0,0.2441,0.0018607636363636,0.0,29.0,156.2724315788194
512,513,513,22.7510047049957,1.651,0.28381,0.0017700602928509,165.1,29.0732127476314,154.22006743166165
513,514,514,23.5186978640777,1.651,0.204548,0.0018207766990291,165.1,29.1,149.29096032550456
514,515,515,24.2241889714625,0.0,0.16752,0.0018875862068965,0.0,29.1417360285375,156.12165194674947
515,516,516,25.5464538037634,1.8542,0.164688,0.0018940215053763,185.42,29.2,154.4362368921029
516,517,517,26.2599488349515,1.651,0.310112,0.0018204660194174,165.1,29.2,151.09998719531566
517,518,518,25.9785398364486,0.0,0.301171,0.0004525871962616,0.0,29.2943925233645,149.14693882148254
518,519,519,25.5400037162162,0.0,0.375501,0.0011468378378378,0.0,29.4918918918919,149.1483409150993
519,520,520,25.3255333333333,0.0,0.348968,0.0034296666666666,0.0,29.7233333333333,149.15235106295899
520,521,521,25.0450783333333,0.3048,0.39845,0.0117993333333333,30.48,30.2933333333333,148.53992983626094
521,522,522,24.6790958333333,0.0,0.43759,0.0209666666666667,0.0,31.0333333333333,147.9346787159099
522,523,523,24.2777609375,0.0,0.422747,0.031125,0.0,32.1666666666667,147.98584735806406
523,524,524,23.8769195,0.0,0.415449,0.040304,0.0,33.616,148.05557139328278
524,525,525,23.4175610576923,0.0,0.407008,0.0453576923076923,0.0,35.1192307692308,148.13803910388043
525,526,526,22.88525625,0.0,0.579237,0.0473821428571429,0.0,36.6321428571429,148.226931489771
526,527,527,22.4343120689655,0.0,0.564672,0.0472965517241379,0.0,37.9896551724138,148.31615790736424
527,528,528,22.0374067307692,0.0,0.493199,0.0458307692307692,0.0,39.2461538461538,148.40298080802287
528,529,529,21.65779,0.0,0.484541,0.043532,0.0,40.364,148.4853261834751
529,530,530,21.352514673913,0.0,0.469398,0.0407869565217391,0.0,41.3434782608696,148.56216769913482
530,531,531,21.0585605263158,0.0,0.357646,0.0378473684210526,0.0,42.2,148.6333275848371
531,532,532,20.6996027777778,0.0,0.509974,0.03475,0.0,42.9555555555556,148.69836542206878
532,533,533,20.35760234375,0.0,0.548347,0.0317875,0.0,43.56875,148.75752909482273
533,534,534,20.9992028428094,0.0,0.60579,0.0286823578595318,0.0,44.1274247491639,148.81117051734049
534,535,535,22.6674515375,2.6924,0.525328,0.0254823,269.24,44.5793,142.9542338218257
535,536,536,24.085129676259,1.8288,0.359899,0.0222075025693731,182.88,44.9529290853032,134.18459376170708
536,537,537,25.5573104207198,1.7526,0.184033,0.0195647859922179,175.26,45.2428015564202,128.0203968407792
537,538,538,26.4135023914168,1.7526,0.539611,0.0187730093071355,175.26,45.5431230610134,120.10162214811226
538,539,539,26.8286169692737,1.651,0.652564,0.0201762569832402,165.1,46.1075418994413,119.00552674844904
539,540,540,27.1294699951877,0.0,0.654231,0.019263041385948,0.0,47.0398460057748,113.32744718962975
540,541,541,28.1721205924855,1.9558,0.426447,0.0204913294797688,195.58,47.7773603082852,98.5826341798603
541,542,542,28.5188741706161,1.651,0.500026,0.0252281990521327,165.1,48.8971563981043,94.63039347938609
542,543,543,27.9254226190476,0.0,0.557832,0.0408333333333333,0.0,50.4374149659864,103.46812876702124
543,544,544,27.3529069444444,0.0,0.603779,0.0725349206349206,0.0,52.5619047619048,103.11866119585133
544,545,545,26.7417913194444,0.0,0.507149,0.0975777777777778,0.0,55.3916666666667,102.53448098223548
545,546,546,26.1110177631579,0.0,0.637211,0.105736842105263,0.0,58.1421052631579,101.86591081467519
546,547,547,25.45305,0.0,0.539269,0.101807692307692,0.0,60.7,101.43294537166743
547,548,548,25.01699375,0.0,0.578554,0.0947107142857143,0.0,62.2,100.99821373773301
548,549,549,24.70899921875,0.3048,0.568798,0.08151875,30.48,64.1,102.18090596625973
549,550,550,24.6252513888889,0.2794,0.168989,0.0719611111111111,27.94,65.2166666666667,105.0972265903126
550,551,551,24.3463402777778,0.2794,0.464183,0.0646,27.94,66.0444444444445,108.21660579064095
551,552,552,23.7659916666667,0.0,0.505871,0.05585,0.0,66.9333333333333,109.68319801500242
552,553,553,23.4877250899281,0.0,0.537712,0.0485014388489209,0.0,67.5769784172662,109.21825921963521
553,554,554,23.4927583333333,0.8128,0.512974,0.0435393939393939,81.28,67.9757575757576,114.96571816258849
554,555,555,23.061596474359,0.1778,0.638706,0.0364923076923077,17.78,68.4153846153846,121.34247060618736
555,556,556,22.7666647727273,0.3556,0.566526,0.0309454545454545,35.56,68.6727272727273,124.51774014402436
556,557,557,22.21268,0.0,0.547667,0.02532,0.0,68.9,126.42532270871403
557,558,558,21.6790145833333,0.0,0.578134,0.0217666666666667,0.0,69.0666666666667,126.29815679403714
558,559,559,21.103625,0.0,0.618729,0.0184,0.0,69.1857142857143,126.20061349460086
559,560,560,20.6102,0.0,0.610007,0.0155285714285714,0.0,69.2714285714286,126.10106629265252
560,561,561,20.7386103235294,0.0,0.616861,0.0127388235294118,0.0,69.3,126.0121011996496
561,562,562,21.7482411034483,1.651,0.628261,0.0102595310344828,165.1,69.3,140.2542619792768
562,563,563,22.6727730608974,1.651,0.648501,0.0080090384615384,165.1,69.2702564102564,173.65209407175072
563,564,564,24.00345078125,1.651,0.630979,0.0059122767857142,165.1,69.2,179.582945477399
564,565,565,25.3280204627715,2.1082,0.615048,0.0041614064115822,210.82,69.1213029989659,183.6120693048261
565,566,566,25.4599210185185,1.651,0.678215,0.0035645185185185,165.1,69.1,186.53870626492912
566,567,567,25.7188280395683,0.0,0.598882,0.0042785755395683,0.0,69.150071942446,185.41226514516543
567,568,568,26.6641960861322,1.651,0.626322,0.003680411700975,165.1,69.2211267605634,187.96397041069747
568,569,569,27.6562421937751,1.651,0.553442,0.0049798192771084,165.1,69.474297188755,197.57009470052262
569,570,570,27.9982638157895,1.651,0.55808,0.006743447368421,165.1,69.9665789473684,179.7581901262856
570,571,571,28.3212213348142,0.0,0.534423,0.0120505331179321,0.0,70.7879644588045,168.62855521014055
571,572,572,28.8360516044061,2.0828,0.432332,0.0243095785440613,208.28,71.5795019157088,166.32894416461005
572,573,573,28.2685433333333,0.0,0.545985,0.0547788888888889,0.0,73.5722222222222,164.19110254962538
573,574,574,27.6738591216216,0.0,0.56131,0.0915864864864865,0.0,76.4783783783784,164.24666925208217
574,575,575,26.9775430555556,0.0,0.582305,0.115888888888889,0.0,80.5074074074074,164.32500018550252
575,576,576,26.3517041666667,0.0,0.588074,0.116,0.0,83.8066666666667,164.41243238137187
576,577,577,25.7095596153846,0.0,0.59494,0.106769230769231,0.0,86.7384615384615,164.49549445821756
577,578,578,25.0684875,0.0,0.5622,0.0943,0.0,89.1857142857143,164.5694248537387
578,579,579,24.4664125,0.0,0.567683,0.0814714285714286,0.0,91.0428571428571,164.63356333255769
579,580,580,23.93796875,0.0,0.537162,0.0699857142857143,0.0,92.4357142857143,164.7688999069166
580,581,581,23.42400625,0.0,0.482432,0.0601714285714286,0.0,93.5857142857143,164.9991950051038
581,582,582,22.95659375,0.0,0.523204,0.0516357142857143,0.0,94.4857142857143,165.15743453065994
582,583,583,22.6030625,0.0,0.363023,0.0442214285714286,0.0,95.2,165.2789201366768
583,584,584,22.2857760416667,0.0,0.3264,0.0380916666666667,0.0,95.7583333333333,165.37677804679265
584,585,585,21.943578125,0.0,0.387342,0.0326583333333333,0.0,96.175,165.45706590756856
585,586,586,21.6435479166667,0.0,0.356119,0.027725,0.0,96.5166666666667,165.52327558625552
586,587,587,21.4164522727273,0.0,0.31269,0.0235454545454545,0.0,96.7545454545455,165.57806677479476
587,588,588,21.2345,0.0,0.226618,0.0199222222222222,0.0,96.9,165.62365215168091
588,589,589,21.0929488636364,0.0,0.283228,0.0175454545454545,0.0,97.0,165.66231547661087
589,590,590,20.911625,0.0762,0.261446,0.013975,7.62,97.05,165.58217072037775
590,591,591,20.752790625,0.0,0.232932,0.011325,0.0,97.05,165.49437048782687
591,592,592,20.613775,0.0,0.204248,0.009066,0.0,97.0,165.51614590619099
592,593,593,20.4974875,0.0,0.181905,0.007482,0.0,97.0,165.53367036691037
593,594,594,20.3917175,0.0,0.17163,0.006158,0.0,96.96,165.54802821670106
594,595,595,20.2980225,0.0,0.149463,0.004974,0.0,96.9,165.55971379401035
595,596,596,20.2225625,0.0,0.136864,0.00402,0.0,96.85,165.56910186415107
596,597,597,20.153721875,0.0,0.121757,0.0030775,0.0,96.775,165.57649175824486
597,598,598,20.10054375,0.0,0.102488,0.002235,0.0,96.7,165.5820199781553
598,599,599,20.0556854166667,0.0,0.08201024,0.0012804166666666,0.0,96.6041666666667,165.58566708521005
599,600,600,20.0221605769231,0.0,0.0816872,0.000665,0.0,96.6215384615385,165.58767703101407
600,601,601,20.0071527173913,0.0,0.0758404,0.0002238710869565,0.0,96.7086956521739,165.58859522198983
601,602,602,20.223475,0.2286,0.0639945,0.0003678857142857,22.86,96.8385093167702,165.23285955860155
602,603,603,20.4337291666667,0.6096,0.0736989,0.0007165833333333,60.96,96.9583333333333,164.13960291270698
603,604,604,20.5563625,0.1778,0.0778732,0.0012328571428571,17.78,97.2428571428571,163.5025905202278
604,605,605,20.54040625,0.0,0.0965494,0.0015608333333333,0.0,97.4416666666667,163.36600045560303
605,606,606,20.503329,0.0,0.0714284,0.0018624,0.0,97.648,163.3675762443822
606,607,607,20.46541,0.0,0.0774601,0.0021351111111111,0.0,97.8355555555556,163.36941617491024
607,608,608,20.4277306818182,0.0,0.0747248,0.0023535064935064,0.0,98.0077922077922,163.37148189568768
608,609,609,20.3832939885496,0.0,0.076007,0.002574961832061,0.0,98.1725190839695,163.37374967300374
609,610,610,20.3331747584541,0.0,0.0814225,0.0027608695652173,0.0,98.3536231884058,163.3762045006538
610,611,611,20.2954350852273,0.0,0.0720442,0.0029027272727272,0.0,98.4776515151515,163.37880968137557
611,612,612,20.2695946710526,0.0,0.0789903,0.0030596842105263,0.0,98.6505263157895,163.38155177033124
612,613,613,20.2555688920455,0.0,0.10277,0.003204034090909,0.0,98.7994318181818,163.38443182315882
613,614,614,20.243697327044,0.0,0.0970988,0.0033017610062893,0.0,98.9452830188679,163.38742304393085
614,615,615,20.2344831597222,0.0,0.064016,0.0034473611111111,0.0,99.075,163.39053080465592
615,616,616,20.3298244158879,0.0,0.106083,0.0037127392990654,0.0,99.2063417890521,163.39382811956224
616,617,617,20.5931612804878,0.6604,0.0508908,0.0035717073170731,66.04,99.3073170731707,162.88025743068422
617,618,618,20.62965625,0.1016,0.0310045,0.0036283333333333,10.16,99.4166666666667,162.26883941705302
618,619,619,20.62956875,0.0,0.0563523,0.00365,0.0,99.5333333333333,162.18602865674168
619,620,620,20.6100522727273,0.0,0.0726308,0.0036272727272727,0.0,99.6272727272727,162.19020365103327
620,621,621,20.58736875,0.0,0.0563188,0.0036457142857142,0.0,99.7285714285714,162.19439098108546
621,622,622,20.5656958333333,0.0,0.0389773,0.0036304761904761,0.0,99.8238095238095,162.19858177737305
622,623,623,20.5397390625,0.0,0.0494368,0.003623125,0.0,99.915625,162.20274971086064
623,624,624,20.5277891304348,0.0,0.0521138,0.0036339130434782,0.0,100.0,162.20691879817687
624,625,625,20.5456045454545,0.127,0.0414293,0.0036,12.7,100.0,162.10274586784402
625,626,626,20.5449234375,0.0,0.0578048,0.0035829166666666,0.0,100.0,161.99595563031937
626,627,627,20.5799875,0.1524,0.0507539,0.0035871428571428,15.24,100.0,161.86622757164116
627,628,628,20.56475,0.0,0.057682,0.00356,0.0,100.0,161.73571014218564
628,629,629,20.5477730769231,0.0,0.0283033,0.0035492307692307,0.0,100.0,161.7402114156973
629,630,630,20.59393,0.0,0.041151,0.0035315294117647,0.0,100.623529411765,161.74469329588703
630,631,631,20.694575,0.3302,0.045251,0.0035135714285714,33.02,101.0,161.45434784228428
631,632,632,20.6617833333333,0.0,0.0691282,0.0034966666666666,0.0,101.0,161.15659918692685
632,633,633,20.6416,0.0,0.053491,0.0034733333333333,0.0,101.0,161.16152060327946
633,634,634,20.6221352272727,0.0,0.0467784,0.0034472727272727,0.0,101.0,161.16644321083908
634,635,635,20.5991284722222,0.0,0.0482844,0.0034338888888888,0.0,101.0,161.1713396255726
635,636,636,20.5724378787879,0.0,0.0494148,0.003410606060606,0.0,101.0,161.17620789201422
636,637,637,20.5706277777778,0.0,0.0585339,0.0033971111111111,0.0,101.0,161.18104807493782
637,638,638,21.0194515024038,0.2032,0.0321681,0.0033505528846153,20.32,101.0,160.99214433420272
638,639,639,21.9434946698113,1.4224,0.0191521,0.0033457735849056,142.24,101.0,159.20427722038932
639,640,640,22.3171954819277,0.6096,0.0203552,0.0033202409638554,60.96,101.0,158.19777518066238
640,641,641,22.3652916666667,0.0,0.0200144,0.0032990476190476,0.0,101.0,158.2624846923975
641,642,642,22.39948375,0.0,0.0347208,0.003277,0.0,101.0,158.2572618732954
642,643,643,22.4041270833333,0.0,0.0302708,0.00325,0.0,101.0,158.25210025215875
643,644,644,22.39265,0.0,0.0347646,0.0032283333333333,0.0,101.5,158.24712646455947
644,645,645,22.3774395833333,0.0,0.0292329,0.0032016666666666,0.0,102.0,158.24219619670941
645,646,646,22.3677854166667,0.0,0.0274856,0.00316,0.0,102.0,158.2373256909499
646,647,647,22.35695,0.0,0.0309005,0.003095,0.0,102.0,158.2326661695461
647,648,648,22.3301817307692,0.0,0.030289,0.0029715384615384,0.0,102.0,158.22820413543388
648,649,649,22.3816425,0.0,0.0640342,0.0028311111111111,0.0,102.0,158.2239378870473
649,650,650,22.4806272727273,0.3048,0.0336886,0.0026772727272727,30.48,102.0,158.47357245716256
650,651,651,22.4875,0.0,0.0258926,0.0023833333333333,0.0,102.0,159.0075248246248
651,652,652,22.4756583333333,0.0,0.0260575,0.0020266666666666,0.0,102.0,158.9831328004134
652,653,653,22.4614541666667,0.0,0.0329418,0.00169,0.0,102.0,158.96349236625102
653,654,654,22.443115625,0.0,0.0255394,0.00125,0.0,102.0,158.94894079199418
654,655,655,22.4266875,0.0,0.0246203,0.000845,0.0,102.0,158.93860214950223
655,656,656,22.40532,0.0,0.0279452,0.0004068,0.0,102.0,158.9324280890576
656,657,657,22.37995,0.0,0.029462,3.32285714285714e-05,0.0,102.0,158.93025833391488
657,658,658,22.3493447916667,0.0,0.039926,0.0004709166666666,0.0,102.0,158.92785459047553
658,659,659,22.3212675,0.0,0.0512681,0.0008428,0.0,102.0,158.92192653456686
659,660,660,22.655346293456,0.0,0.0262242,0.0012476012269938,0.0,102.0,158.9125377144426
660,661,661,23.2614920940171,1.1938,0.0107192,0.0015580341880341,119.38,102.0,155.47681868211643
661,662,662,23.4006875,0.1524,0.00883768,0.0019795238095238,15.24,102.0,150.59863303595128
662,663,663,23.4235263888889,0.0,0.0205597,0.0023133333333333,0.0,102.333333333333,149.94602475466144
663,664,664,23.41913,0.0,0.0291228,0.00262,0.0,103.0,149.9671471902456
664,665,665,23.39935,0.0,0.0290991,0.0029514285714285,0.0,103.0,149.99083529250584
665,666,666,23.3619,0.0,0.0509801,0.0032564285714285,0.0,103.0,150.01722761095368
666,667,667,23.3192691666667,0.0,0.0692937,0.0035593333333333,0.0,103.0,150.0461959964369
667,668,668,23.2679401315789,0.0,0.0522302,0.0039594736842105,0.0,103.0,150.07808228138694
668,669,669,23.2163141304348,0.0,0.0665936,0.0044339130434782,0.0,103.0,150.11356380939
669,670,670,23.17551875,0.0,0.0585765,0.0049614285714285,0.0,103.071428571429,150.15324649178757
670,671,671,23.1742504807692,0.0,0.0228333,0.0055226923076923,0.0,104.0,150.19740712978393
671,672,672,23.2395078125,0.1778,0.009487,0.00625875,17.78,104.0,149.43027733667415
672,673,673,23.225978125,0.0,0.0148057,0.00706,0.0,104.0,148.63671322439623
673,674,674,23.2544921875,0.0,0.0395819,0.00780175,0.0,104.0,148.70747002647065
674,675,675,23.3433613636364,0.254,0.0318429,0.0083781818181818,25.4,105.0,147.4360032012873
675,676,676,23.3634929347826,0.0,0.00813146,0.00893,0.0,105.0,146.05475078032723
676,677,677,23.452515625,0.1016,0.00388925,0.00957875,10.16,105.0,145.45154839091217
677,678,678,23.5552859756098,0.1016,0.00593917,0.0099958536585365,10.16,105.560975609756,144.20939635214845
678,679,679,23.6796795454545,0.2286,0.00448909,0.0103454545454545,22.86,106.0,143.38119928909788
679,680,680,23.690034375,0.0,0.00434594,0.010675,0.0,106.0,142.83478210932395
680,681,681,23.68769375,0.0,0.00817501,0.0109,0.0,106.5,142.89779862245553
681,682,682,23.6798625,0.0,0.0116566,0.0111,0.0,107.0,142.96185983114788
682,683,683,23.6707625,0.0,0.00868052,0.0114,0.0,107.0,143.0266731359693
683,684,684,23.6572,0.0,0.00876272,0.0116,0.0,107.0,143.0925769686395
684,685,685,23.6417125,0.0,0.00851009,0.0119,0.0,108.0,143.15957747298
685,686,686,23.6277125,0.0,0.00656388,0.0122,0.0,108.0,143.2277760830415
686,687,687,23.61205,0.0,0.00422867,0.0126,0.0,109.0,143.29749021220007
687,688,688,23.5937625,0.0,0.00877257,0.0129,0.0,109.0,143.36854695548917
688,689,689,23.5545333333333,0.0,0.0223661,0.0134,0.0,109.666666666667,143.44157464668405
689,690,690,23.5224791666667,0.0,0.0256647,0.0137,0.0,110.0,143.51607011316906
690,691,691,23.483490625,0.0,0.0253993,0.014025,0.0,110.25,143.5917572724531
691,692,692,23.4521583333333,0.0,0.0345895,0.0142666666666667,0.0,111.0,143.66852281806797
692,693,693,23.4129,0.0,0.0154101,0.014525,0.0,111.0,143.74597667678347
693,694,694,23.3595075,0.0,0.0448966,0.01472,0.0,111.8,143.823994038896
694,695,695,23.318771875,0.0,0.0509437,0.01485,0.0,112.0,143.90246349773705
695,696,696,23.2808625,0.0,0.0209253,0.01495,0.0,112.5,143.98082342759517
696,697,697,23.2513166666667,0.0,0.0297407,0.015,0.0,113.0,144.05891003993673
697,698,698,23.2311625,0.0,0.00292723,0.015,0.0,113.0,144.13666142446405
698,699,699,23.20924375,0.0,0.00307473,0.015,0.0,114.0,144.21379473781263
699,700,700,23.2005025,0.0,0.00698997,0.014984,0.0,114.0,144.29011925082852
700,701,701,23.2446625,0.127,0.002219,0.0149,12.7,114.428571428571,144.04872095910272
701,702,702,23.233875,0.0,0.00200173,0.0148333333333333,0.0,115.0,143.8045612801998
702,703,703,23.213575,0.0,0.0194609,0.0147,0.0,115.0,143.88396250707808
703,704,704,23.19205,0.0,0.0139317,0.01455,0.0,116.0,143.96199712140054
704,705,705,23.1800625,0.0,0.00362701,0.0144,0.0,116.0,144.03877043830408
705,706,706,23.16405,0.0,0.00146451,0.0143,0.0,116.0,144.11420317779994
706,707,707,23.1401625,0.0,0.0156056,0.0141,0.0,117.0,144.1881945427171
707,708,708,23.103325,0.0,0.0272582,0.01385,0.0,117.0,144.2607567011143
708,709,709,23.07265625,0.0,0.0227902,0.01365,0.0,117.5,144.33134540556307
709,710,710,23.0659625,0.0,0.0207846,0.013437037037037,0.0,118.0,144.40040043234495
710,711,711,23.1178171875,0.1524,0.00770793,0.0132625,15.24,118.0,144.09018683187028
711,712,712,23.11365,0.0,0.00314285,0.0130666666666667,0.0,119.0,143.76770300802823
712,713,713,23.1517551829268,0.0,0.00198943,0.0128439024390244,0.0,119.0,143.83886662420053
713,714,714,23.2348534090909,0.2032,0.00256982,0.0126727272727273,20.32,119.0,143.35928427552093
714,715,715,23.2415166666667,0.0,0.0,0.0125,0.0,119.666666666667,142.85711905438927
715,716,716,23.2351,0.0,0.00893454,0.01235,0.0,120.0,142.93365462119354
716,717,717,23.22543125,0.0,0.00668608,0.01215,0.0,120.0,143.00861820831506
717,718,718,23.219525,0.0,0.00164532,0.012,0.0,120.0,143.08196075813964
718,719,719,23.210075,0.0,0.00287352,0.0119,0.0,121.0,143.15375587307577
719,720,720,23.2000125,0.0,0.00246515,0.0118,0.0,121.0,143.22479503123975
720,721,721,23.18715,0.0,0.00278044,0.0116,0.0,121.0,143.29423231976085
721,722,722,23.1781375,0.0,0.00078637,0.0115,0.0,122.0,143.3622639354333
722,723,723,23.16615,0.0,0.00145447,0.0115,0.0,122.0,143.42969080501945
723,724,724,23.1392875,0.0,0.022228,0.0114,0.0,122.0,143.49620940997926
724,725,725,23.12625,0.0,0.00946414,0.0113,0.0,122.0,143.56187220787905
725,726,726,23.0813916666667,0.0,0.0308763,0.0113,0.0,123.0,143.6265629207012
726,727,727,23.0503875,0.0,0.0332623,0.0112,0.0,123.0,143.69077935658382
727,728,728,23.0203458333333,0.0,0.0232739,0.0112,0.0,123.333333333333,143.7542438596546
728,729,729,22.9901,0.0,0.0217099,0.0112,0.0,124.0,143.81727475412367
729,730,730,22.9587166666667,0.0,0.029643,0.0111333333333333,0.0,124.0,143.87966535171523
730,731,731,22.9326125,0.0,0.0183955,0.0111,0.0,124.0,143.94145563252403
731,732,732,22.91454375,0.0,0.010032,0.0111,0.0,124.5,144.00283303116206
732,733,733,22.902775,0.0,0.00352388,0.011,0.0,125.0,144.0633686912772
733,734,734,22.8729375,0.0,0.0160928,0.011,0.0,125.0,144.12332180649585
734,735,735,22.8529,0.0,0.0103935,0.0109,0.0,125.0,144.18271386702602
735,736,736,22.9108513888889,0.0,0.00312128,0.0108174603174603,0.0,126.0,144.24126771728797
736,737,737,22.993575,0.2794,0.00406478,0.0107785714285714,27.94,126.0,143.54711915008517
737,738,738,22.9951166666667,0.0,0.0232834,0.0106666666666667,0.0,126.0,142.8197437856283
738,739,739,22.96748125,0.0,0.0359937,0.01055,0.0,126.5,142.8876667091455
739,740,740,22.93974375,0.0,0.0330017,0.01045,0.0,127.0,142.95450971488208
740,741,741,22.925175,0.0,0.0130929,0.0104,0.0,127.0,143.0202875233595
741,742,742,22.9100375,0.0,0.00504015,0.0103,0.0,127.0,143.08541600052567
742,743,743,22.8592875,0.0,0.0371771,0.010075,0.0,127.75,143.14889742098595
743,744,744,22.823390625,0.0,0.0456315,0.0099675,0.0,128.0,143.21091123205898
744,745,745,22.79935,0.0,0.0299912,0.0098766666666666,0.0,128.0,143.27203064389698
745,746,746,22.78311875,0.0,0.00693109,0.009795,0.0,128.0,143.33217274664645
746,747,747,22.771175,0.0,0.00289275,0.00972,0.0,128.0,143.39151290786407
747,748,748,22.7542,0.0,0.00614382,0.00963,0.0,129.0,143.4499406226579
748,749,749,22.723225,0.0,0.0248636,0.00952,0.0,129.0,143.5074116528098
749,750,750,22.6937375,0.0,0.0174291,0.0094266666666666,0.0,129.0,143.56403212939972
750,751,751,22.661625,0.0,0.0205209,0.0093275,0.0,129.25,143.61970395586727
751,752,752,22.6359291666667,0.0,0.0319633,0.0092566666666666,0.0,130.0,143.6745079896464
752,753,753,22.6102333333333,0.0,0.0149494,0.00917,0.0,130.0,143.7284811221699
753,754,754,22.5864041666667,0.0,0.0169047,0.00908,0.0,130.0,143.78180701040617
754,755,755,22.5643833333333,0.0,0.0168615,0.00899,0.0,130.0,143.83416967218787
755,756,756,22.54105,0.0,0.0113523,0.00889,0.0,130.666666666667,143.88589714912365
756,757,757,22.5714348837209,0.0,0.0256736,0.0087902325581395,0.0,131.0,143.93642848920263
757,758,758,22.6393416666667,0.2286,0.00750688,0.0087083333333333,22.86,131.0,143.34009406770417
758,759,759,22.642725,0.0,0.00635684,0.0085933333333333,0.0,131.0,142.71491903097566
759,760,760,22.637125,0.0,0.00388746,0.008495,0.0,131.0,142.7719552348096
760,761,761,22.624175,0.0,0.0115907,0.008385,0.0,131.5,142.82802841427534
761,762,762,22.609475,0.0,0.0228432,0.0083,0.0,132.0,142.8830145318484
762,763,763,22.5871625,0.0,0.0230338,0.00818,0.0,132.0,142.93734955057084
763,764,764,22.54721875,0.0,0.019068,0.008,0.0,132.0,142.99005167913893
764,765,765,22.511803125,0.0,0.0497942,0.007885,0.0,132.0,143.041628139429
765,766,766,22.472835,0.0,0.0374355,0.00776,0.0,132.4,143.09202768217514
766,767,767,22.441934375,0.0,0.0386247,0.00766,0.0,133.0,143.14164762720816
767,768,768,22.4035175,0.0,0.0289781,0.007546,0.0,133.0,143.19025883075392
768,769,769,22.3727,0.0,0.0487224,0.007455,0.0,133.0,143.2378373640347
769,770,770,22.33903,0.0,0.0202242,0.007354,0.0,133.0,143.28479058926442
770,771,771,22.2985,0.0,0.0382334,0.007255,0.0,133.0,143.33065262336186
771,772,772,22.2607145833333,0.0,0.0542926,0.0071666666666666,0.0,133.5,143.3758179203155
772,773,773,22.21856875,0.0,0.0309737,0.0070766666666666,0.0,134.0,143.42030917332835
773,774,774,22.1700625,0.0,0.0598256,0.0069857142857142,0.0,134.0,143.46386720621354
774,775,775,22.1359541666667,0.0,0.0472593,0.0069066666666666,0.0,134.0,143.50682085478144
775,776,776,22.108205,0.0,0.0128755,0.006822,0.0,134.0,143.54895669548102
776,777,777,22.0706791666667,0.0,0.0213816,0.0067283333333333,0.0,134.0,143.59031761138527
777,778,778,22.0244875,0.0,0.0499136,0.0066328571428571,0.0,134.0,143.6311570045865
778,779,779,21.9875979166667,0.0,0.0517168,0.00654,0.0,134.833333333333,143.6710729191436
779,780,780,21.9526375,0.0,0.0306239,0.0064371428571428,0.0,135.0,143.71022044591888
780,781,781,21.9500477777778,0.0,0.0357083,0.0063791111111111,0.0,135.0,143.74890034383432
781,782,782,22.0030513888889,0.1778,0.0130153,0.0062811111111111,17.78,135.0,143.26333176307378
782,783,783,21.993125,0.0,0.0079572,0.0061666666666666,0.0,135.0,142.7534353815042
783,784,784,21.98161875,0.0,0.00505497,0.00606,0.0,135.0,142.79531150956754
784,785,785,21.968975,0.0,0.00367511,0.00595,0.0,135.0,142.83608252453675
785,786,786,21.9582125,0.0,0.00824476,0.00587,0.0,135.0,142.875924224241
786,787,787,21.917634375,0.0,0.0374574,0.005685,0.0,135.75,142.91481773790068
787,788,788,21.888759375,0.0,0.0401962,0.005565,0.0,136.0,142.9524573535308
788,789,789,21.86401875,0.0,0.0282059,0.0054425,0.0,136.0,142.9891947911794
789,790,790,21.842996875,0.0,0.0136778,0.005315,0.0,136.0,143.02506852603025
790,791,791,21.814765,0.0,0.0208679,0.005182,0.0,136.0,143.05987233457222
791,792,792,21.7848225,0.0,0.0435831,0.005056,0.0,136.0,143.0935062963957
792,793,793,21.756945,0.0,0.0281902,0.004934,0.0,136.0,143.12634289856223
793,794,794,21.7336525,0.0,0.0303141,0.004814,0.0,136.0,143.1583629876715
794,795,795,21.716734375,0.0,0.00919792,0.0047,0.0,136.0,143.18936832326682
795,796,796,21.69881875,0.0,0.0115226,0.0045775,0.0,136.0,143.21947465650783
796,797,797,21.681559375,0.0,0.0123676,0.0044575,0.0,137.0,143.24878670925457
797,798,798,21.66395,0.0,0.0127692,0.0043425,0.0,137.0,143.2773455894261
798,799,799,21.6809432291667,0.0,0.0132402,0.0042441666666666,0.0,137.0,143.30503958030408
799,800,800,21.7538125,0.2032,0.0107751,0.004142,20.32,137.0,142.67872978590438
800,801,801,21.7371875,0.0,0.0111574,0.0040266666666666,0.0,137.0,142.02107911876388
801,802,802,21.7252,0.0,0.0129448,0.00392,0.0,137.0,142.05124275249767
802,803,803,21.6969666666667,0.0,0.0338637,0.0037966666666666,0.0,137.0,142.08051411333906
803,804,804,21.7422949596774,0.0,0.044089,0.0036840322580645,0.0,137.0,142.1088270308334
804,805,805,21.81905,0.2794,0.0198719,0.0036,27.94,137.0,141.0721554099387
805,806,806,21.81515,0.0,0.0224153,0.0034866666666666,0.0,137.0,139.93100547864842
806,807,807,21.80513125,0.0,0.0265622,0.003385,0.0,137.0,139.96554268790308
807,808,808,21.781375,0.0,0.0361234,0.00329,0.0,137.0,139.99915573612182
808,809,809,21.7587125,0.0,0.0333102,0.0031833333333333,0.0,137.0,140.03167692603998
809,810,810,21.7378,0.0,0.022861,0.00308,0.0,137.0,140.06278603243678
810,811,811,21.71645,0.0,0.0277522,0.0029825,0.0,137.0,140.09285169136822
811,812,812,21.6913083333333,0.0,0.0279344,0.00289,0.0,138.0,140.12195502865652
812,813,813,21.7186458333333,0.0,0.0381008,0.0027985714285714,0.0,138.0,140.15012039096047
813,814,814,21.7918670454545,0.254,0.0331587,0.0027372727272727,25.4,138.0,138.87266091143675
814,815,815,21.7835916666667,0.0,0.0223082,0.00265,0.0,138.0,137.42046285026228
815,816,816,21.77476875,0.0,0.0213095,0.00259,0.0,138.0,137.4580628563786
816,817,817,21.76055,0.0,0.0295606,0.00253,0.0,138.0,137.494590826348
817,818,818,21.7428829545455,0.0,0.0290394,0.0024495454545454,0.0,138.0,137.53010632093392
818,819,819,21.8183934659091,0.1016,0.0292961,0.0023706818181818,10.16,138.0,136.8474247021443
819,820,820,21.8900261363636,0.2032,0.0176384,0.0023227272727272,20.32,138.0,133.85813620278194
820,821,821,21.886703125,0.0,0.0325793,0.00226,0.0,138.0,130.56253079794953
821,822,822,21.85456875,0.0,0.0526949,0.0022075,0.0,138.0,130.74931736443023
822,823,823,21.832059375,0.0,0.0464277,0.002165,0.0,138.0,130.9076941366158
823,824,824,21.8147125,0.0,0.0238956,0.00212,0.0,138.0,131.04979361352767
824,825,825,21.794325,0.0,0.0178885,0.0020766666666666,0.0,138.0,131.18078784429184
825,826,826,21.7612325,0.0,0.0317243,0.002038,0.0,138.0,131.2988256916513
826,827,827,21.7200302083333,0.0,0.0641773,0.00200375,0.0,138.0,131.41200704168207
827,828,828,21.6689122222222,0.0,0.0783539,0.0019728888888888,0.0,138.0,131.51536411187791
828,829,829,21.6076633223684,0.0,0.0814581,0.0019551315789473,0.0,138.0,131.6160984249129
829,830,830,21.5205289634146,0.0,0.0967942,0.0019349756097561,0.0,138.0,131.71008920886007
830,831,831,21.449901782491,0.0,0.116349,0.0019409747292418,0.0,138.0,131.80221592133452
831,832,832,21.3969925159236,0.0,0.0947027,0.0019255414012738,0.0,138.0,131.8906643703752
832,833,833,21.4194306603774,0.0,0.0432711,0.0018965822102425,0.0,138.0,131.97527013454967
833,834,834,21.594934375,0.4318,0.0324694,0.001888125,43.18,138.0,133.53658953370115
834,835,835,21.557025,0.0,0.0370774,0.00189,0.0,138.0,136.91640798068553
835,836,836,21.5067284090909,0.0,0.0536377,0.00189,0.0,138.0,136.88472579377236
836,837,837,21.4620947916667,0.0,0.0836955,0.0018883333333333,0.0,138.0,136.85306740186007
837,838,838,21.5934227346278,0.0,0.0698316,0.0018939805825242,0.0,138.556634304207,136.82146937926746
838,839,839,21.9557202330508,0.6604,0.0242485,0.0018857627118644,66.04,139.0,143.6155150946748
839,840,840,22.232529375,0.4826,0.0318199,0.001875,48.26,139.0,149.78826563119407
840,841,841,22.2441041666667,0.0,0.025414,0.0018677777777777,0.0,139.0,154.1469239152004
841,842,842,22.2379325,0.0,0.0209654,0.001854,0.0,139.0,154.0999282720796
842,843,843,22.2175479166667,0.0,0.040199,0.0018316666666666,0.0,139.0,154.05340175903888
843,844,844,22.18635125,0.0,0.0568067,0.001812,0.0,139.0,154.00742271920618
844,845,845,22.1455551470588,0.0,0.056877,0.0017894117647058,0.0,139.0,153.96199777327817
845,846,846,22.097984375,0.0,0.0730031,0.0017685714285714,0.0,139.0,153.91738654715726
846,847,847,22.0771926136364,0.0,0.0772278,0.001745909090909,0.0,139.0,153.8735509432253
847,848,848,22.1069333333333,0.1778,0.0542833,0.0017566666666666,17.78,139.0,156.32583638461367
848,849,849,22.06303203125,0.0,0.0780508,0.00177625,0.0,139.0,159.02565754975512
849,850,850,22.010240530303,0.0,0.0788106,0.0018157575757575,0.0,139.0,158.96302684066637
850,851,851,21.9536787037037,0.0,0.0837772,0.0018725925925925,0.0,139.0,158.8997291705339
851,852,852,21.8938883333333,0.0,0.0854855,0.0019538666666666,0.0,139.0,158.8342412120987
852,853,853,21.8340590206186,0.0,0.0797233,0.0020532989690721,0.0,139.0,158.7656968404557
853,854,854,21.7669325203252,0.0,0.0838879,0.0021672357723577,0.0,139.0,158.69370740342293
854,855,855,21.8844387050654,0.0,0.0900609,0.0022607189542483,0.0,139.0,158.61932165999983
855,856,856,22.3781505769231,0.8636,0.0574558,0.0023841538461538,86.36,139.0,163.48233932944552
856,857,857,22.7193272727273,0.5334,0.0208044,0.0024818181818181,53.34,139.0,163.874219132262
857,858,858,22.8023133333333,0.1778,0.0587314,0.0026106666666666,17.78,139.0,163.5129724209823
858,859,859,22.7950982954545,0.0,0.0801556,0.0026940909090909,0.0,139.0,163.4177364417781
859,860,860,22.8309375,0.127,0.0605498,0.0028233333333333,12.7,139.666666666667,163.34927460902856
860,861,861,22.8002930555556,0.0,0.0779555,0.0029022222222222,0.0,140.0,163.2817564281471
861,862,862,22.757175,0.0,0.0546633,0.0029933333333333,0.0,140.0,163.27902542436982
862,863,863,22.7123203125,0.0,0.0749191,0.00308375,0.0,140.0,163.27621146720728
863,864,864,22.6733616666667,0.0,0.0491718,0.0032006666666666,0.0,140.0,163.27330269943704
864,865,865,22.62196125,0.0,0.0449736,0.00337,0.0,140.0,163.27026271974074
865,866,866,22.5561028225806,0.0,0.0935986,0.0035579032258064,0.0,140.0,163.26706101887268
866,867,867,22.5186738636364,0.0,0.107263,0.0036995454545454,0.0,140.0,163.26373455462556
867,868,868,22.5056279411765,0.127,0.0454667,0.0040735294117647,12.7,140.0,163.19334254779153
868,869,869,22.4492953125,0.0,0.0841104,0.0043385416666666,0.0,140.0,163.12195019546607
869,870,870,22.3780125,0.0,0.0959108,0.0046266666666666,0.0,140.380952380952,163.11765419897762
870,871,871,22.299925102459,0.0,0.101486,0.0049290983606557,0.0,141.0,163.11307815401443
871,872,872,22.31191015625,0.0,0.0989961,0.0051936607142857,0.0,141.0,163.1082389621065
872,873,873,22.4333841666667,0.4572,0.0904681,0.005436,45.72,141.0,162.8688549796642
873,874,874,22.36585,0.0,0.0970544,0.00577,0.0,141.0,162.6238888431502
874,875,875,22.3445727272727,0.0,0.0631385,0.0059336363636363,0.0,141.0,162.61718207284795
875,876,876,22.5020716188525,0.127,0.0346191,0.0062247540983606,12.7,141.040983606557,162.54265037117347
876,877,877,23.2004042695473,0.4572,0.0282909,0.0063996502057613,45.72,142.0,162.24043846715384
877,878,878,23.7584405778895,1.2954,0.02654468,0.006515728643216,129.54,142.0,161.69317712040896
878,879,879,23.7852401315789,0.0,0.083807,0.0066360526315789,0.0,142.0,161.71351881095882
879,880,880,23.7712865384615,0.1016,0.0980239,0.006736923076923,10.16,142.0,161.75193352100993
880,881,881,23.6798734375,0.0,0.132243,0.00679375,0.0,142.0,161.79775570115322
881,882,882,23.5574171875,0.0,0.142641,0.00686125,0.0,142.375,161.76309374773516
882,883,883,23.5577307291667,0.0,0.135263,0.0069825,0.0,143.0,161.72827512369025
883,884,884,23.756122983871,0.381,0.0884181,0.0072858064516129,38.1,143.0,162.2624388856546
884,885,885,23.8125522727273,0.3302,0.0940679,0.0076581818181818,33.02,143.0,161.70097876902486
885,886,886,23.542675,0.0,0.252749,0.0084671428571428,0.0,143.0,160.3596188552684
886,887,887,23.2704986111111,0.0,0.299241,0.0092477777777777,0.0,143.666666666667,160.39784627465377
887,888,888,22.9432397727273,0.0,0.321634,0.0101036363636364,0.0,144.0,160.43954558526508
888,889,889,22.9621723391089,0.0,0.387671,0.0108915841584158,0.0,144.0,160.48461084894066
889,890,890,23.4110090909091,1.1176,0.348126,0.0116181818181818,111.76,144.350649350649,155.36939971444764
890,891,891,23.49038125,0.4826,0.208048,0.0122541666666667,48.26,145.0,146.48583626244627
891,892,892,23.1794171875,0.0,0.253188,0.0127625,0.0,145.0,142.47435703167434
892,893,893,22.698375,0.0,0.507144,0.01305,0.0,145.625,142.86927410688574
893,894,894,22.1576075,0.0,0.549561,0.01309,0.0,146.0,143.17103680052804
894,895,895,21.6024772727273,0.0,0.568132,0.0129090909090909,0.0,146.0,143.42282272898834
895,896,896,21.1508579545455,0.0,0.602726,0.0125636363636364,0.0,146.545454545455,143.64480092826136
896,897,897,20.7672897727273,0.0,0.385874,0.0119727272727273,0.0,147.0,143.84273156573616
897,898,898,20.4990903409091,0.0,0.526746,0.0114954545454545,0.0,147.0,144.0209509840657
898,899,899,20.2610515625,0.1524,0.452758,0.0104975,15.24,147.0,142.69513453585054
899,900,900,20.1325578125,0.3302,0.385261,0.009565,33.02,147.0,141.27255713463603
900,901,901,19.78099375,0.0,0.504673,0.0083525,0.0,147.75,140.60059933981725
901,902,902,19.47220625,0.0,0.514235,0.007225,0.0,148.0,140.60755870281523
902,903,903,19.2105375,0.0,0.437141,0.00613,0.0,148.0,140.6135236512835
903,904,904,19.2268443181818,0.0,0.510626,0.0050617676767676,0.0,148.0,140.61852138499245
904,905,905,19.539314516129,0.9906,0.463975,0.0041790322580645,99.06,148.0,138.53352784467384
905,906,906,20.1882934839045,0.1016,0.457092,0.0028083592938733,10.16,148.0,136.15766144873203
906,907,907,21.5264418165468,2.032,0.46957,0.0018997872559095,203.2,148.0,131.00362936387657
907,908,908,22.7338771248535,1.778,0.514819,0.0009091746776084,177.8,148.0,120.40550413273981
908,909,909,23.4925936123348,1.651,0.491084,0.0002100582378854,165.1,148.0,109.5436006410363
909,910,910,24.4320765339538,0.0,0.485424,0.0010427962047569,0.0,148.0,99.3132877079093
910,911,911,25.3195045711297,3.302,0.581668,0.0011312440669456,330.2,148.0,74.45778436143871
911,912,912,26.3821924020389,0.0,0.601358,0.0010662998916852,0.0,148.0,74.76668088944882
912,913,913,27.3358515613243,3.302,0.717861,0.0024377501881113,330.2,148.0,76.04495246946458
913,914,914,27.391426032489,0.0,0.600244,0.0022735242290748,0.0,148.0,74.82444053732267
914,915,915,27.7374246657754,1.778,0.519709,0.0034382352941176,177.8,148.355614973262,67.48940384244875
915,916,916,27.2945916666667,0.0,0.481307,0.0127763492063492,0.0,149.825396825397,72.16856354633072
916,917,917,26.7689389423077,0.0,0.531953,0.0301923076923077,0.0,151.615384615385,72.1517740266955
917,918,918,26.2110522058824,0.0,0.54401,0.0533823529411765,0.0,154.117647058824,72.08439658519815
918,919,919,25.6361947916667,0.0,0.562729,0.0678,0.0,157.0,71.95686122740503
919,920,920,25.0023980769231,0.0,0.572155,0.0712692307692308,0.0,159.615384615385,71.76543356703515
920,921,921,24.4159394230769,0.0,0.597136,0.0685692307692308,0.0,161.615384615385,71.2918594947268
921,922,922,23.8695153846154,0.0,0.536242,0.0631615384615385,0.0,163.307692307692,70.8706558508349
922,923,923,23.4837471590909,0.0,0.538887,0.0587727272727273,0.0,164.136363636364,70.53864981916774
923,924,924,23.2636319494585,0.0762,0.579292,0.0498819494584838,7.62,165.563176895307,70.67372150490215
924,925,925,23.914460741688,1.3462,0.494707,0.0430736572890026,134.62,166.199488491049,78.11000707783413
925,926,926,24.4668194248826,1.27,0.549179,0.0372711267605634,127.0,167.0,92.41870973624326
926,927,927,25.1256338062099,1.27,0.578465,0.0321773019271949,127.0,167.0,106.78219308570182
927,928,928,25.7798263170974,1.27,0.586739,0.0277306163021869,127.0,167.82902584493,118.00018683472925
928,929,929,26.9358460475267,1.27,0.604558,0.0247660523763337,127.0,168.0,128.16074914579318
929,930,930,27.6972711289222,2.54,0.565983,0.0255645293315143,254.0,168.43792633015,152.882584279282
930,931,931,27.6453102728285,0.0,0.556636,0.023445434298441,0.0,169.0,165.1992083275617
931,932,932,27.7040438481675,1.27,0.580393,0.0255764397905759,127.0,169.230366492147,171.57066260230405
932,933,933,27.1240625,0.0,0.597925,0.0372102040816327,0.0,170.0,174.5739288077319
933,934,934,26.5243840909091,0.0,0.59979,0.0499727272727273,0.0,171.045454545455,174.17396739690324
934,935,935,25.9164567307692,0.0,0.597447,0.0616384615384615,0.0,172.461538461538,174.9907361872979
935,936,936,25.2684375,0.0,0.572051,0.0663714285714286,0.0,173.928571428571,175.39994854552023
936,937,937,24.64589375,0.0,0.63184,0.0647928571428571,0.0,175.285714285714,175.6043398428298
937,938,938,24.1040625,0.0,0.568873,0.0601714285714286,0.0,176.357142857143,175.69449660438627
938,939,939,23.58736875,0.0,0.502839,0.0541857142857143,0.0,177.071428571429,175.71927346562077
939,940,940,23.07095625,0.0,0.495703,0.0480357142857143,0.0,178.0,175.70736880090212
940,941,941,22.55073125,0.0,0.527358,0.0418785714285714,0.0,178.357142857143,175.67589805038045
941,942,942,22.07959375,0.0,0.511203,0.03625,0.0,179.0,175.6354323078474
942,943,943,21.6061730769231,0.0,0.53692,0.0309384615384615,0.0,179.0,175.59235770282035
943,944,944,21.1739365384615,0.0,0.547969,0.0259461538461538,0.0,179.0,175.5506220716902
944,945,945,20.7898721153846,0.0,0.534395,0.0212615384615385,0.0,179.0,175.51242022239137
945,946,946,20.5768738636364,0.0,0.514393,0.0184909090909091,0.0,179.0,175.4779159149234
946,947,947,20.3854994318182,0.0762,0.412906,0.01535,7.62,179.0,175.6863078583144
947,948,948,20.3847319444444,0.1016,0.261113,0.012052380952381,10.16,179.0,176.20036324132576
948,949,949,20.4375181818182,0.508,0.213755,0.0101481818181818,50.8,179.0,177.65086392893966
949,950,950,20.2370875,0.0,0.425139,0.00811,0.0,179.0,179.44818666693362
950,951,951,20.0433585227273,0.0,0.422183,0.0065913636363636,0.0,179.0,179.3443543023102
951,952,952,19.8281125,0.1016,0.394906,0.0046325,10.16,179.0,180.2612459946565
952,953,953,19.6091,0.0,0.453691,0.0032233333333333,0.0,179.0,181.2036653235975
953,954,954,19.4633926136364,0.0,0.384232,0.0021090909090909,0.0,178.0,181.1654777878813
954,955,955,19.35233125,0.1016,0.288754,0.0005495,10.16,178.0,182.14222358676463
955,956,956,19.22353125,0.0,0.330229,0.0004525,0.0,178.0,183.12155802791358
956,957,957,19.0801625,0.0,0.347029,0.00149,0.0,179.0,183.10815986270694
957,958,958,18.9737625,0.0,0.349393,0.0022,0.0,179.0,183.0826874027106
958,959,959,18.8111875,0.0,0.294374,0.00328,0.0,179.0,183.04445613227406
959,960,960,18.70246875,0.0,0.309442,0.004095,0.0,179.0,182.99312292746149
960,961,961,18.58259375,0.0,0.360838,0.004825,0.0,179.0,182.9307674940188
961,962,962,18.50611875,0.0,0.205862,0.005495,0.0,179.0,182.85846413965095
962,963,963,18.6027136775362,0.0,0.156687,0.0062557971014492,0.0,180.0,182.7756754715617
963,964,964,18.8042086206897,0.5588,0.103333,0.0067296551724137,55.88,180.0,190.2960060492915
964,965,965,18.9219524038461,0.1778,0.180382,0.0072257692307692,17.78,180.0,200.8099473214371
965,966,966,18.957225,0.127,0.190439,0.0075971428571428,12.7,180.0,203.2035242323673
966,967,967,18.9060666666667,0.0,0.160412,0.0078766666666666,0.0,180.0,204.1742644361393
967,968,968,18.86478125,0.0,0.126441,0.008035,0.0,180.0,204.06200783038085
968,969,969,18.802065625,0.0,0.133587,0.00827,0.0,180.0,203.94752019446784
969,970,970,18.7803673076923,0.0,0.0736904,0.0084123076923076,0.0,180.0,203.83079403406592
970,971,971,18.7728953125,0.0,0.0736794,0.00852125,0.0,180.0,203.71265388719686
971,972,972,18.7811020833333,0.0762,0.0798464,0.0086233333333333,7.62,180.0,204.2470889138263
972,973,973,18.7826306818182,0.0762,0.0986595,0.0086795454545454,7.62,180.0,205.45572221028468
973,974,974,18.788175,0.1016,0.0840057,0.00873,10.16,180.0,206.93321567024657
974,975,975,18.7618576923077,0.0,0.0645596,0.0087525641025641,0.0,180.0,207.7370620178749
975,976,976,18.7254975,0.0,0.0900378,0.0087394285714285,0.0,180.0,207.5972015143451
976,977,977,18.7550924846626,0.0,0.0673908,0.0087341104294478,0.0,180.0,207.45835578370122
977,978,978,18.89153125,0.3556,0.0399071,0.0087192857142857,35.56,180.0,210.84626149133183
978,979,979,18.8600708333333,0.0,0.0608518,0.0086766666666666,0.0,180.0,214.41149734581475
979,980,980,18.8400961538462,0.0,0.0703977,0.0086307692307692,0.0,180.0,214.24757888150975
980,981,981,18.936188880814,0.0,0.0622241,0.0085905813953488,0.0,180.0,214.0824907015196
981,982,982,19.0764166666667,0.4826,0.0562306,0.0085619047619047,48.26,180.0,221.49734797845394
982,983,983,19.0829625,0.0,0.0543443,0.0085066666666666,0.0,180.0,223.2934950372164
983,984,984,19.0757175,0.0,0.0554719,0.008432,0.0,180.0,223.28175817654713
984,985,985,19.0573395833333,0.0,0.0562317,0.0083825,0.0,180.0,223.27017713862983
985,986,986,19.03535375,0.0,0.0621085,0.0083305,0.0,180.0,223.25874523181807
986,987,987,19.0115504310345,0.0,0.0580729,0.0082751724137931,0.0,180.0,223.24734592419208
987,988,988,18.9895436111111,0.0,0.0507525,0.0082146666666666,0.0,180.0,223.23599079923667
988,989,989,18.9619657986111,0.0,0.0585641,0.0081652777777777,0.0,180.0,223.22469429273957
989,990,990,18.9174705705706,0.0,0.0650317,0.0081175075075075,0.0,180.0,223.21341801961944
990,991,991,18.8896426751592,0.0,0.0931005,0.0080661146496815,0.0,180.0,223.20218328444037
991,992,992,18.8783148185484,0.0,0.0797802,0.0080052419354838,0.0,180.0,223.1910275797121
992,993,993,18.87234825,0.0,0.0493554,0.0079506,0.0,180.0,223.17999597933579
993,994,994,19.0939476584425,0.0,0.0445805,0.009557687090739,0.0,180.0,223.16792110768392
994,995,995,20.765852248394,1.6256,0.0191784,0.0078435867237687,162.56,180.0,224.1529484398734
995,996,996,21.6383414506173,1.4732,0.0216575,0.0078154320987654,147.32,180.0,228.76760516514702
996,997,997,22.1950717889908,0.8382,0.0456935,0.0077637614678899,83.82,180.0,237.85307803439514
997,998,998,22.3703706896552,0.0,0.048413,0.007723448275862,0.0,180.0,243.00466048346078
998,999,999,22.3566375,0.0,0.0482371,0.0076871428571428,0.0,180.0,242.87662147316425
999,1000,1000,22.3018760416667,0.0,0.0599651,0.0076416666666666,0.0,180.0,242.7500323197164
1000,1001,1001,22.27780625,0.0,0.0443583,0.0075885714285714,0.0,180.0,242.62455688936203
1001,1002,1002,22.2713125,0.0,0.0555598,0.0075342857142857,0.0,180.0,242.50052810170828
1002,1003,1003,22.3091895833333,0.0,0.0471811,0.0075196666666666,0.0,180.0,242.37755723174342
1003,1004,1004,23.0406077145215,0.2286,0.0244283,0.0074434323432343,22.86,180.0,243.96485503961145
1004,1005,1005,23.9716924428105,1.5748,0.0168936,0.0073131372549019,157.48,180.0,259.2504641867733
1005,1006,1006,24.4653400943396,0.7112,0.0387643,0.007103679245283,71.12,180.0,251.09629958468167
1006,1007,1007,24.5142724431818,0.0,0.0286845,0.006820909090909,0.0,180.0,246.82972429432184
1007,1008,1008,24.53521875,0.0,0.0370911,0.0064331818181818,0.0,180.0,246.8658415135763
1008,1009,1009,24.5099076923077,0.0,0.0281419,0.0059076923076923,0.0,180.0,246.89945653894148
1009,1010,1010,24.4642416666667,0.0,0.0354608,0.0050088888888888,0.0,180.0,246.92918149815705
1010,1011,1011,24.4215125,0.0,0.0356292,0.00337375,0.0,180.0,246.95200095957154
1011,1012,1012,24.3871444444444,0.0,0.0398061,0.0009998888888888,0.0,180.0,246.96390527321685
1012,1013,1013,24.3750539772727,0.0,0.0423053,0.0007767727272727,0.0,180.0,246.96873965454347
1013,1014,1014,24.5227716292135,0.0762,0.0402707,0.0047555056179775,7.62,180.258426966292,246.5071113648287
1014,1015,1015,24.7353689655172,0.4572,0.0251327,0.00746,45.72,181.0,243.11079199955748
1015,1016,1016,24.8339875,0.127,0.0127859,0.0116166666666667,12.7,181.333333333333,239.3055673811333
1016,1017,1017,24.8290583333333,0.0,0.014976,0.0147,0.0,182.0,238.53328498269227
1017,1018,1018,24.8009125,0.0,0.0239177,0.017775,0.0,183.0,238.63903003969418
1018,1019,1019,24.7618,0.0,0.0315702,0.0201,0.0,183.8,238.7622660561986
1019,1020,1020,24.7135328125,0.0,0.0356766,0.02225,0.0,184.875,238.89935955328934
1020,1021,1021,24.6517653846154,0.0,0.0508855,0.0240230769230769,0.0,185.846153846154,239.0488570532067
1021,1022,1022,24.578518125,0.0,0.0709114,0.02556,0.0,186.9,239.2084481000564
1022,1023,1023,24.5067272058824,0.0,0.075385,0.0268176470588235,0.0,187.882352941176,239.37659671626233
1023,1024,1024,24.44775375,0.0,0.0448361,0.02782,0.0,189.1,239.55117078536193
1024,1025,1025,24.4149142045455,0.0,0.0197262,0.0284090909090909,0.0,190.045454545455,239.73019785638462
1025,1026,1026,24.4336448275862,0.0762,0.0159202,0.0292206896551724,7.62,191.275862068966,239.40164171322323
1026,1027,1027,24.5242789473684,0.1524,0.00939744,0.0303263157894737,15.24,192.578947368421,238.04652711029942
1027,1028,1028,24.6592100877193,0.1524,0.00727411,0.0309245614035088,15.24,193.649122807018,236.14820444821015
1028,1029,1029,24.8258354166667,0.3048,0.00696028,0.0312366666666667,30.48,194.566666666667,233.12232595956655
1029,1030,1030,24.918534375,0.1524,0.00811597,0.0313,15.24,196.125,230.02413330235947
1030,1031,1031,24.907728125,0.0,0.00607323,0.03115,0.0,197.25,229.13422728840777
1031,1032,1032,24.890775,0.0,0.00879032,0.031,0.0,198.0,229.37939971602987
1032,1033,1033,24.86085,0.0,0.0128968,0.03085,0.0,199.0,229.62186643094725
1033,1034,1034,24.8140083333333,0.0,0.0192131,0.0309,0.0,200.333333333333,229.86288694470704
1034,1035,1035,24.7696166666667,0.0,0.0250267,0.0310333333333333,0.0,201.333333333333,230.1033524233178
1035,1036,1036,24.7395272727273,0.0,0.0258726,0.0312181818181818,0.0,202.136363636364,230.34372193560614
1036,1037,1037,24.74093125,0.1016,0.0299121,0.031575,10.16,203.5,229.83558248616032
1037,1038,1038,24.6990625,0.0,0.0239767,0.0318666666666667,0.0,204.333333333333,229.32684100989542
1038,1039,1039,24.63321,0.0,0.0381019,0.03212,0.0,205.8,229.57784735103877
1039,1040,1040,24.5810775,0.0,0.0440128,0.0322,0.0,206.6,229.82884583800794
1040,1041,1041,24.52338,0.0,0.0219614,0.03224,0.0,207.8,230.07893054329344
1041,1042,1042,24.4731375,0.0,0.0377832,0.032175,0.0,208.75,230.3278939393501
1042,1043,1043,24.4276375,0.0,0.0221414,0.0320333333333333,0.0,209.666666666667,230.57444492477777
1043,1044,1044,24.370609375,0.0,0.0180441,0.03175,0.0,210.75,230.81840365511005
1044,1045,1045,24.3096729166667,0.0,0.0263397,0.0314166666666667,0.0,211.833333333333,231.05860396624814
1045,1046,1046,24.2571583333333,0.0,0.0493957,0.03105,0.0,212.666666666667,231.2949084400876
1046,1047,1047,24.195925,0.0,0.0218377,0.0305571428571429,0.0,213.714285714286,231.52694644675145
1047,1048,1048,24.14235,0.0,0.0410941,0.0300857142857143,0.0,214.428571428571,231.7542097776113
1048,1049,1049,24.125490625,0.0,0.0282784,0.029625,0.0,215.214285714286,231.97698134521377
1049,1050,1050,24.1770489130435,0.2032,0.0358297,0.0291521739130435,20.32,216.0,230.71261538712514
1050,1051,1051,24.183915,0.0762,0.0134964,0.02846,7.62,217.0,228.8579484176255
1051,1052,1052,24.1369333333333,0.0,0.051411,0.0279,0.0,217.666666666667,228.50643725834377
1052,1053,1053,24.0870291666667,0.0,0.0306418,0.0272333333333333,0.0,218.333333333333,228.7260298659964
1053,1054,1054,24.0363375,0.0,0.0339309,0.026525,0.0,219.0,228.93921713371208
1054,1055,1055,23.9752625,0.0,0.0297036,0.0258875,0.0,219.875,229.14607003389074
1055,1056,1056,23.9209347222222,0.0,0.0682999,0.0253777777777778,0.0,220.222222222222,229.34763360226285
1056,1057,1057,23.8892778409091,0.0,0.0301387,0.0249636363636364,0.0,221.0,229.5447836625541
1057,1058,1058,23.890934375,0.0762,0.00591845,0.024325,7.62,221.5,229.16911621408963
1058,1059,1059,23.86846875,0.0,0.0030227,0.0239,0.0,222.0,228.78985740091622
1059,1060,1060,23.8401625,0.0,0.00928285,0.0234,0.0,222.5,228.9770863859137
1060,1061,1061,23.8196,0.0,0.00735976,0.023,0.0,223.0,229.1601282643945
1061,1062,1062,23.751109375,0.0,0.0305889,0.022325,0.0,223.75,229.33816303978912
1062,1063,1063,23.7067425,0.0,0.0518566,0.0219,0.0,224.0,229.51117677923602
1063,1064,1064,23.6707625,0.0,0.0173279,0.0214666666666667,0.0,224.666666666667,229.68042207568254
1064,1065,1065,23.6439875,0.0,0.00306908,0.0211,0.0,225.0,229.84572356021857
1065,1066,1066,23.5992166666667,0.0,0.0180668,0.0205666666666667,0.0,225.666666666667,230.00701336880655
1066,1067,1067,23.560578125,0.0,0.029998,0.02015,0.0,226.0,230.16422490161563
1067,1068,1068,23.5183375,0.0,0.0295019,0.01972,0.0,226.2,230.3176158915275
1068,1069,1069,23.4614552083333,0.0,0.0297076,0.0192666666666667,0.0,227.0,230.4671679347315
1069,1070,1070,23.4077786764706,0.0,0.0672411,0.0188882352941176,0.0,227.0,230.61291086635563
1070,1071,1071,23.36222,0.0,0.0497676,0.01855,0.0,227.4,230.75574262454683
1071,1072,1072,23.327675,0.0,0.0110329,0.01816,0.0,228.0,230.89525531478068
1072,1073,1073,23.2893208333333,0.0,0.00337765,0.0177166666666667,0.0,228.0,231.03118961891357
1073,1074,1074,23.2498777777778,0.0,0.0265649,0.0173444444444444,0.0,228.666666666667,231.16384145319145
1074,1075,1075,23.2149895833333,0.0,0.0387325,0.0170333333333333,0.0,229.0,231.293446684604
1075,1076,1076,23.183321875,0.0,0.00893881,0.01665,0.0,229.0,231.4201813025138
1076,1077,1077,23.1533458333333,0.0,0.00371969,0.0163,0.0,229.333333333333,231.5438186461496
1077,1078,1078,23.122990625,0.0,0.0193338,0.01595,0.0,230.0,231.66436793154267
1078,1079,1079,23.090375,0.0,0.0163342,0.01555,0.0,230.0,231.78194327599942
1079,1080,1080,23.04227625,0.0,0.0146073,0.01514,0.0,230.0,231.89639500550152
1080,1081,1081,23.0071953125,0.0,0.0629068,0.014875,0.0,230.625,232.00777825004212
1081,1082,1082,22.9628238636364,0.0,0.00926995,0.0144454545454545,0.0,231.0,232.11640102170063
1082,1083,1083,22.9221875,0.0,0.0451471,0.0141285714285714,0.0,231.0,232.2221206220787
1083,1084,1084,22.8805908333333,0.0,0.0347005,0.01378,0.0,231.0,232.3250424457595
1084,1085,1085,22.84095,0.0,0.0329206,0.01345,0.0,231.428571428571,232.4252933638653
1085,1086,1086,22.8009359375,0.0,0.0272812,0.01311875,0.0,232.0,232.52298259480966
1086,1087,1087,22.7661364583333,0.0,0.0371706,0.0128333333333333,0.0,232.0,232.61818280566047
1087,1088,1088,22.7353,0.0,0.015523,0.0125125,0.0,232.0,232.71084528619465
1088,1089,1089,22.7073,0.0,0.00962542,0.0122,0.0,232.0,232.8010874931695
1089,1090,1090,22.67477625,0.0,0.0173684,0.01189,0.0,232.2,232.8889730635948
1090,1091,1091,22.6462140625,0.0,0.0280617,0.0116125,0.0,233.0,232.97459627630656
1091,1092,1092,22.61490875,0.0,0.0124413,0.0113,0.0,233.0,233.05779655874616
1092,1093,1093,22.5866484375,0.0,0.034242,0.01105,0.0,233.0,233.1387905830223
1093,1094,1094,22.5618575,0.0,0.00866386,0.01078,0.0,233.0,233.21783413801384
1094,1095,1095,22.54056875,0.0,0.00297441,0.0105,0.0,233.0,233.29481780538646
1095,1096,1096,22.517635,0.0,0.0120331,0.01022,0.0,233.0,233.36957045208487
1096,1097,1097,22.493205,0.0,0.0181067,0.009976,0.0,233.2,233.4422829735883
1097,1098,1098,22.46916875,0.0,0.0168527,0.009735,0.0,234.0,233.51320089780063
1098,1099,1099,22.445740625,0.0,0.00444284,0.0094525,0.0,234.0,233.58220761821184
1099,1100,1100,22.42415,0.0,0.0170059,0.00923,0.0,234.0,233.64928112281268
1100,1101,1101,22.3951,0.0,0.0135978,0.0089585714285714,0.0,234.0,233.71441404540462
1101,1102,1102,22.3720525,0.0,0.0313362,0.008764,0.0,234.0,233.77773435527845
1102,1103,1103,22.34903125,0.0,0.00444053,0.008515,0.0,234.0,233.83942977226042
1103,1104,1104,22.32295,0.0,0.0117105,0.0082728571428571,0.0,234.0,233.89933308513082
1104,1105,1105,22.30038125,0.0,0.0353218,0.008085,0.0,234.0,233.95766697147232
1105,1106,1106,22.2801541666667,0.0,0.00557391,0.00788,0.0,234.0,234.01458841473496
1106,1107,1107,22.26494375,0.0,0.00232297,0.0077,0.0,234.0,234.07001849015546
1107,1108,1108,22.25146875,0.0,0.00139733,0.00748,0.0,234.5,234.12393347623131
1108,1109,1109,22.23869375,0.0,0.00114437,0.007295,0.0,235.0,234.17633395720628
1109,1110,1110,22.22955,0.0,0.0013663,0.00715,0.0,235.0,234.22753008204788
1110,1111,1111,22.216775,0.0,0.00298257,0.00695,0.0,235.0,234.27747699049314
1111,1112,1112,22.21548875,0.0,0.0165517,0.0067043333333333,0.0,235.0,234.32582030445604
1112,1113,1113,22.2700916666667,0.1524,0.00264274,0.0065533333333333,15.24,235.0,233.28395712361325
1113,1114,1114,22.2618958333333,0.0,0.00629617,0.0063933333333333,0.0,235.0,232.23007832761388
1114,1115,1115,22.256325,0.0,0.00221515,0.006245,0.0,235.0,232.27662002353367
1115,1116,1116,22.2403125,0.0,0.0202126,0.006095,0.0,235.0,232.32207629518808
1116,1117,1117,22.225875,0.0,0.0241645,0.00601,0.0,235.0,232.36660555674973
1117,1118,1118,22.213275,0.0,0.00613298,0.00587,0.0,235.0,232.41025984016767
1118,1119,1119,22.18855625,0.0,0.0284977,0.005695,0.0,235.0,232.4527378889913
1119,1120,1120,22.1627875,0.0,0.0254145,0.00556,0.0,235.0,232.4940555602095
1120,1121,1121,22.133628125,0.0,0.0270287,0.005425,0.0,235.0,232.53428494959275
1121,1122,1122,22.1011175,0.0,0.0341363,0.005296,0.0,235.0,232.5734831536983
1122,1123,1123,22.066415,0.0,0.0461215,0.005192,0.0,235.0,232.61181428974794
1123,1124,1124,22.0329025,0.0,0.0454533,0.00509,0.0,235.0,232.64939242601514
1124,1125,1125,21.99658125,0.0,0.034504,0.00498,0.0,235.666666666667,232.6861938107386
1125,1126,1126,21.9606625,0.0,0.0438741,0.0048783333333333,0.0,236.0,232.72220778617265
1126,1127,1127,21.9264208333333,0.0,0.0411489,0.0047933333333333,0.0,236.0,232.7575265376621
1127,1128,1128,21.9012675,0.0,0.0349767,0.004712,0.0,236.0,232.79222519650745
1128,1129,1129,22.0859068181818,0.0,0.0133566,0.0046597902097902,0.0,236.0,232.82642411456754
1129,1130,1130,22.4716849662162,0.8636,0.0100727,0.0045713513513513,86.36,236.0,226.33516865652575
1130,1131,1131,22.610725,0.127,0.00467361,0.0044828571428571,12.7,236.0,218.47496236495851
1131,1132,1132,22.6207041666667,0.0,0.00631193,0.00441,0.0,236.0,217.4442943922612
1132,1133,1133,22.7263319444444,0.0,0.0058054,0.004323492063492,0.0,236.0,217.48721027721342
1133,1134,1134,22.8854111111111,0.3302,0.00637296,0.0042561111111111,33.02,236.0,214.67160051848748
1134,1135,1135,22.9063479166667,0.0,0.00798746,0.00418,0.0,236.0,211.79397910510602
1135,1136,1136,22.91485,0.0,0.00759458,0.00412,0.0,236.0,211.83921339964186
1136,1137,1137,22.9568446969697,0.0,0.0123502,0.0040530303030303,0.0,236.0,211.8837143536242
1137,1138,1138,23.0549180555556,0.2032,0.0168569,0.0040255555555555,20.32,236.0,210.0698992242859
1138,1139,1139,23.0741380434783,0.0,0.0159272,0.0040169565217391,0.0,236.0,208.23359265163964
1139,1140,1140,23.1406835227273,0.1016,0.0081627,0.0040304545454545,10.16,236.0,207.32048691515197
1140,1141,1141,23.2078190217391,0.0762,0.00785305,0.0040952173913043,7.62,236.0,205.67080257996693
1141,1142,1142,23.281475,0.1016,0.00652075,0.004224,10.16,236.0,203.99550080926656
1142,1143,1143,23.29005,0.0,0.00649201,0.0043766666666666,0.0,236.0,203.05361816136423
1143,1144,1144,23.28370625,0.0,0.0146707,0.00457,0.0,236.0,203.1109437380162
1144,1145,1145,23.26533125,0.0,0.028904,0.004815,0.0,236.0,203.17090803093419
1145,1146,1146,23.2406125,0.0,0.0204736,0.0051666666666666,0.0,236.0,203.23466082073145
1146,1147,1147,23.2148875,0.0,0.0367808,0.0055075,0.0,236.0,203.3028878808986
1147,1148,1148,23.187434375,0.0,0.0244834,0.00591,0.0,236.5,203.37583280253986
1148,1149,1149,23.1583975,0.0,0.0246627,0.006338,0.0,237.0,203.45400618977118
1149,1150,1150,23.1236125,0.0,0.0406681,0.0067742857142857,0.0,237.0,203.5373986589563
1150,1151,1151,23.08208875,0.0,0.0366665,0.007239,0.0,237.0,203.62632305440042
1151,1152,1152,23.0481,0.0,0.0506645,0.0076157142857142,0.0,237.0,203.72040080484066
1152,1153,1153,23.022015625,0.0,0.016428,0.008025,0.0,237.0,203.8193082685221
1153,1154,1154,22.9899,0.0,0.00789578,0.0084971428571428,0.0,237.142857142857,203.92357438963523
1154,1155,1155,22.9444359375,0.0,0.0487993,0.008850625,0.0,238.0,204.032998729979
1155,1156,1156,22.9002375,0.0,0.0661228,0.009138,0.0,238.0,204.14632706801973
1156,1157,1157,22.8786289772727,0.0,0.0334551,0.0093290909090909,0.0,238.0,204.26205535961122
1157,1158,1158,22.901703125,0.1016,0.00948862,0.0096225,10.16,238.0,203.38476746648564
1158,1159,1159,22.88663125,0.0,0.0105977,0.009785,0.0,238.0,202.50473232640005
1159,1160,1160,22.86729375,0.0,0.0109385,0.00993,0.0,239.0,202.6324291361846
1160,1161,1161,22.850625,0.0,0.0148148,0.01,0.0,239.0,202.76098823116726
1161,1162,1162,22.82231875,0.0,0.0148305,0.0101,0.0,239.0,202.8902436445307
1162,1163,1163,22.781259375,0.0,0.0220382,0.0101,0.0,239.0,203.0198370897237
1163,1164,1164,22.724625,0.0,0.0489997,0.0101166666666667,0.0,239.0,203.14927559665549
1164,1165,1165,22.6694125,0.0,0.0775687,0.0101,0.0,239.833333333333,203.27857898133735
1165,1166,1166,22.6175104166667,0.0,0.0611037,0.0101,0.0,240.0,203.40728679564674
1166,1167,1167,22.5716895833333,0.0,0.0457258,0.0100166666666667,0.0,240.0,203.53494320858948
1167,1168,1168,22.5306958333333,0.0,0.0451143,0.0099466666666666,0.0,240.0,203.66156669124615
1168,1169,1169,22.4942083333333,0.0,0.028101,0.0098616666666666,0.0,240.0,203.7869081008444
1169,1170,1170,22.4563208333333,0.0,0.0301972,0.009765,0.0,240.333333333333,203.9108164913102
1170,1171,1171,22.4169604166667,0.0,0.0392588,0.0096533333333333,0.0,241.0,204.03306044096672
1171,1172,1172,22.3785916666667,0.0,0.0331538,0.0095366666666666,0.0,241.0,204.15339379124742
1172,1173,1173,22.3323,0.0,0.0357759,0.0094071428571428,0.0,241.0,204.27209007303767
1173,1174,1174,22.2842875,0.0,0.0560523,0.0092685714285714,0.0,241.0,204.389005390394
1174,1175,1175,22.247925,0.0,0.0450136,0.0091366666666666,0.0,241.0,204.50379823181754
1175,1176,1176,22.2171395833333,0.0,0.0159542,0.0089916666666666,0.0,241.0,204.61644947881408
1176,1177,1177,22.2090429166667,0.0,0.0208185,0.008905,0.0,241.0,204.7275700915921
1177,1178,1178,22.305,0.1524,0.0184418,0.0087155357142857,15.24,241.803571428571,203.3408492809162
1178,1179,1179,22.3683568181818,0.2286,0.0114662,0.008590909090909,22.86,242.0,199.60591794667846
1179,1180,1180,22.3594875,0.0,0.0160428,0.00842,0.0,242.0,197.35355166948563
1180,1181,1181,22.34369375,0.0,0.0242672,0.008245,0.0,242.0,197.47184311708247
1181,1182,1182,22.308584375,0.0,0.026297,0.008025,0.0,242.0,197.58710578475126
1182,1183,1183,22.277955,0.0,0.0527278,0.007866,0.0,242.0,197.69928899079315
1183,1184,1184,22.25006875,0.0,0.0312261,0.0076975,0.0,242.0,197.80887186977685
1184,1185,1185,22.2207416666667,0.0,0.0210636,0.007495,0.0,242.0,197.91566989981632
1185,1186,1186,22.195495,0.0,0.0311979,0.007328,0.0,242.0,198.01960831131936
1186,1187,1187,22.1644208333333,0.0,0.0139598,0.0071255555555555,0.0,242.0,198.12087260392173
1187,1188,1188,22.1240059782609,0.0,0.0504307,0.0069608695652173,0.0,242.826086956522,198.21953061529788
1188,1189,1189,22.1195695945946,0.0,0.0718039,0.0068229729729729,0.0,243.0,198.31578027079712
1189,1190,1190,22.6957209302326,0.2794,0.0763257,0.0066784606866002,27.94,243.0,195.43639989640675
1190,1191,1191,23.5073709433962,1.5748,0.0146452,0.0065144150943396,157.48,243.0,171.52310319244236
1191,1192,1192,23.8963821428571,0.2032,0.0129043,0.0063363265306122,20.32,243.0,144.64055807570637
1192,1193,1193,24.2106151960784,0.5588,0.0178985,0.0062033333333333,55.88,243.0,142.04482200441362
1193,1194,1194,24.234152173913,0.0,0.0225021,0.0060652173913043,0.0,243.0,139.9249041282416
1194,1195,1195,24.214625,0.0,0.0482614,0.0059414285714285,0.0,243.0,139.96531235870447
1195,1196,1196,24.1774822916667,0.0,0.0636109,0.0058941666666666,0.0,243.0,140.00481786780384
1196,1197,1197,24.1261475,0.0,0.0521068,0.0060506666666666,0.0,243.0,140.044625705083
1197,1198,1198,24.0729416666667,0.0,0.0600348,0.0065366666666666,0.0,243.0,140.08620712148516
1198,1199,1199,24.0113697115385,0.0,0.0659345,0.0074296153846153,0.0,243.0,140.13221620769013
1199,1200,1200,23.9440642241379,0.0,0.0808204,0.0086558620689655,0.0,243.241379310345,140.18477271322763
1200,1201,1201,23.8776356617647,0.0,0.067892,0.0101105882352941,0.0,244.0,140.24569392243632
1201,1202,1202,23.8154197580645,0.0,0.0705948,0.0116096774193548,0.0,244.0,140.31564870836488
1202,1203,1203,23.763394375,0.0,0.053044,0.013015,0.0,244.0,140.3942348621554
1203,1204,1204,23.7162985294118,0.0,0.0245472,0.0143941176470588,0.0,244.705882352941,140.48079653621946
1204,1205,1205,23.6723576923077,0.0,0.0321764,0.0154692307692308,0.0,245.0,140.57424374260665
1205,1206,1206,23.6213301470588,0.0,0.0247261,0.0164352941176471,0.0,245.0,140.67295863990756
1206,1207,1207,23.5556047794118,0.0,0.0490197,0.0171882352941176,0.0,245.970588235294,140.77580755908366
1207,1208,1208,23.4854907608696,0.0,0.0829434,0.0177260869565217,0.0,246.0,140.88115775735588
1208,1209,1209,23.4160907327586,0.0,0.0737064,0.0181810344827586,0.0,246.241379310345,140.9880555589984
1209,1210,1210,23.3398471036585,0.0,0.0688247,0.0185548780487805,0.0,247.0,141.09611710138637
1210,1211,1211,23.2594307065217,0.0,0.0918241,0.0186195652173913,0.0,247.0,141.20430928478027
1211,1212,1212,23.1848298076923,0.0,0.0690029,0.0186923076923077,0.0,247.263736263736,141.31154313606987
1212,1213,1213,23.3172679824561,0.0,0.0631857,0.0186443609022556,0.0,248.0,141.41756834473577
1213,1214,1214,23.595739527027,0.8128,0.0290409,0.0185864864864865,81.28,248.0,137.56395442952825
1214,1215,1215,23.574578125,0.0,0.0738294,0.0183125,0.0,248.0,131.36312106868178
1215,1216,1216,23.5175645833333,0.0,0.0735546,0.0180583333333333,0.0,248.916666666667,132.10437740495027
1216,1217,1217,23.4889414772727,0.0,0.0649667,0.0178818181818182,0.0,249.0,132.86434447247925
1217,1218,1218,23.57925,0.1016,0.0493563,0.0174,10.16,249.0,131.8441163430249
1218,1219,1219,23.7197534482759,0.3302,0.0281862,0.0171,33.02,249.0,134.27298101000588
1219,1220,1220,23.7865125,0.1524,0.0366181,0.0167142857142857,15.24,249.571428571429,134.29724583848574
1220,1221,1221,23.7403,0.0,0.0748689,0.0163428571428571,0.0,250.0,134.23706885174028
1221,1222,1222,23.6829519230769,0.0,0.0572743,0.0160230769230769,0.0,250.0,134.23459434173427
1222,1223,1223,24.1060433882236,0.0,0.0742691,0.0157836327345309,0.0,250.0,134.23195620498174
1223,1224,1224,25.1476052034884,1.3716,0.0353673,0.0155823255813953,137.16,250.0,133.58841785317296
1224,1225,1225,25.7266737278761,1.1176,0.0198857,0.0154486725663717,111.76,250.269911504425,134.1573165173121
1225,1226,1226,25.7292370192308,0.0,0.0674481,0.0154,0.0,251.0,134.62183745280535
1226,1227,1227,25.6641760869565,0.0,0.0867386,0.0154913043478261,0.0,251.0,134.58063791594253
1227,1228,1228,25.5669817307692,0.0,0.0974987,0.0162615384615385,0.0,251.0,134.53841939423583
1228,1229,1229,25.4950842391304,0.0,0.0915845,0.017704347826087,0.0,251.0,134.49347496105017
1229,1230,1230,25.4986635638298,0.0762,0.110879,0.0224042553191489,7.62,252.0,134.47942430099184
1230,1231,1231,25.5712227272727,0.3556,0.0944769,0.0268545454545455,35.56,252.090909090909,134.64984699309701
1231,1232,1232,25.3796703125,0.0,0.15176,0.0329,0.0,253.0,134.79417588774035
1232,1233,1233,25.2691965909091,0.0,0.234187,0.0354863636363636,0.0,253.363636363636,134.6894607185838
1233,1234,1234,25.1418,0.1778,0.167291,0.0397,17.78,254.571428571429,134.7060099212337
1234,1235,1235,24.9720333333333,0.0,0.198665,0.0416333333333333,0.0,255.083333333333,134.69455983502056
1235,1236,1236,24.8151866666667,0.0,0.180707,0.0429333333333333,0.0,256.0,134.55615477353575
1236,1237,1237,24.68151328125,0.0,0.195632,0.04358125,0.0,256.5625,134.4220221646889
1237,1238,1238,24.997006231454,0.0,0.206023,0.0437296735905045,0.0,257.0,134.28806361132683
1238,1239,1239,25.5349036764706,1.3716,0.156708,0.0435411764705882,137.16,257.341176470588,135.56019313404326
1239,1240,1240,25.49479296875,0.254,0.190828,0.04284375,25.4,258.0,137.95716082797372
1240,1241,1241,25.2229848684211,0.0,0.285948,0.0418473684210526,0.0,258.263157894737,138.27379031739991
1241,1242,1242,24.9833888888889,0.0,0.28442,0.0409333333333333,0.0,259.0,137.93227073716835
1242,1243,1243,24.8043391129032,0.0,0.327458,0.0403096774193548,0.0,259.0,137.60993482658358
1243,1244,1244,24.6359415441176,0.0,0.398342,0.0400264705882353,0.0,259.0,137.30277934413766
1244,1245,1245,24.5441619791667,0.0,0.475565,0.0400041666666667,0.0,259.375,137.00759154956464
1245,1246,1246,24.3549,0.2286,0.412439,0.0398428571428571,22.86,260.0,137.28121039365956
1246,1247,1247,24.1402538461538,0.0,0.470545,0.0396,0.0,260.0,137.56526784068694
1247,1248,1248,23.9081302419355,0.0,0.457755,0.0390838709677419,0.0,260.0,137.23725926102253
1248,1249,1249,23.6504314516129,0.0,0.497307,0.0383,0.0,260.451612903226,136.9270366008207
1249,1250,1250,23.3720587121212,0.0,0.524709,0.0373,0.0,261.0,136.63467572108098
1250,1251,1251,23.0834996212121,0.0,0.551394,0.036169696969697,0.0,261.0,136.36012317312603
1251,1252,1252,22.8016454166667,0.0,0.563293,0.03494,0.0,261.0,136.1032474056696
1252,1253,1253,22.514490625,0.0,0.528433,0.0336,0.0,261.0,135.86321133020186
1253,1254,1254,22.2129125,0.0,0.543978,0.0321464285714286,0.0,261.0,135.63956719215372
1254,1255,1255,21.9257567307692,0.0,0.52342,0.0306461538461538,0.0,261.0,135.43168365957177
1255,1256,1256,21.647697826087,0.0,0.52026,0.0290826086956522,0.0,261.0,135.23909223591227
1256,1257,1257,21.4552663043478,0.0,0.503808,0.0279217391304348,0.0,261.0,135.05942408976472
1257,1258,1258,21.113925,0.1016,0.571581,0.0256333333333333,10.16,261.0,135.08464690613621
1258,1259,1259,21.1885941891892,0.0,0.668713,0.0240481081081081,0.0,261.0,135.12088997782809
1259,1260,1260,22.2198316471572,1.524,0.647065,0.0218397993311037,152.4,261.0,138.80472084822475
1260,1261,1261,23.1513687890625,1.524,0.56005,0.01997796875,152.4,261.0,116.55846597596673
1261,1262,1262,24.0645625924556,1.524,0.528841,0.0178223372781065,152.4,261.0,88.02132547073552
1262,1263,1263,25.205698907767,1.524,0.380797,0.0157435506241331,152.4,261.0,91.73596114340961
1263,1264,1264,27.123993536701,1.524,0.543059,0.0144608071505959,152.4,260.351029252438,110.0471362083592
1264,1265,1265,28.6945375716104,3.2004,0.14364,0.0166210057288351,320.04,259.892425206875,95.1757545711371
1265,1266,1266,28.5983907239819,0.5842,0.319124,0.0169796380090498,58.42,259.0,90.40763012012391
1266,1267,1267,28.19491,0.0762,0.447593,0.0342728571428571,7.62,259.0,86.64688343619842
1267,1268,1268,27.6355625,0.0,0.514017,0.0804645161290323,0.0,259.645161290323,86.93879348736561
1268,1269,1269,27.0507671875,0.0,0.467112,0.10925625,0.0,260.6875,88.24338526697582
1269,1270,1270,26.50686875,0.0,0.531974,0.112928571428571,0.0,261.0,89.68227196694532
1270,1271,1271,25.7776166666667,0.0,0.639849,0.105916666666667,0.0,261.0,91.01729436215152
1271,1272,1272,25.12775,0.0,0.606994,0.0943714285714286,0.0,261.0,92.17616630698302
1272,1273,1273,24.7482375,0.0,0.541631,0.0859652173913043,0.0,261.0,93.17270689833632
1273,1274,1274,24.4682254901961,0.2286,0.495569,0.0706274509803922,22.86,260.196078431373,92.77822574189668
1274,1275,1275,24.4989602941177,0.7112,0.433743,0.0628941176470588,71.12,260.0,87.67265063743874
1275,1276,1276,24.060645,0.0,0.331239,0.05258,0.0,260.0,83.18102027738075
1276,1277,1277,23.6063770833333,0.0,0.493402,0.0457166666666667,0.0,259.666666666667,84.15942978298722
1277,1278,1278,23.1387375,0.0,0.420952,0.0392857142857143,0.0,259.0,84.95618898088398
1278,1279,1279,23.1329917991329,0.0,0.522351,0.0335878612716763,0.0,259.0,85.60923646256313
1279,1280,1280,23.5718560546875,1.397,0.517156,0.02913359375,139.7,259.0,79.12171239255767
1280,1281,1281,24.6992395297529,0.5842,0.376436,0.0236526979324256,58.42,258.534543620777,81.37494422990078
1281,1282,1282,25.6349305956679,2.794,0.468742,0.0210225631768953,279.4,258.0,98.4934735160898
1282,1283,1283,26.4911948451421,0.0,0.510476,0.0181661858294442,0.0,258.0,113.92854732544957
1283,1284,1284,27.3220344843185,2.9972,0.505704,0.0187184559710495,299.72,258.0,119.73507149677793
1284,1285,1285,28.0537458811204,0.0,0.588712,0.0176459197176886,0.0,258.0,124.45698997397395
1285,1286,1286,28.723811426844,2.794,0.612018,0.0196290205562273,279.4,258.0,138.97026835456325
1286,1287,1287,29.2299551208097,0.0,0.618157,0.0313223770134959,0.0,258.0,142.5337007983399
1287,1288,1288,30.2512398361382,2.794,0.629946,0.0570243578387954,279.4,258.0,157.7453828302712
1288,1289,1289,30.2648926342282,1.397,0.622411,0.123782147651007,139.7,258.575838926174,178.11297412131032
1289,1290,1290,29.6326998501199,0.0,0.601226,0.216784172661871,0.0,259.630695443645,183.14737760590225
1290,1291,1291,28.7803240885417,0.0,0.607176,0.248302083333333,0.0,260.885416666667,182.73272287953296
1291,1292,1292,28.03542525,0.0,0.606492,0.22482,0.0,261.98,182.32516984592036
1292,1293,1293,27.2639261363636,0.0,0.617952,0.18925,0.0,262.886363636364,181.97637673313056
1293,1294,1294,26.4148390625,0.0,0.605349,0.151458333333333,0.0,263.0,179.44528594326417
1294,1295,1295,25.85034921875,0.0,0.607189,0.1283125,0.0,263.8125,173.85433588178597
1295,1296,1296,25.1593708333333,0.0,0.571235,0.10282,0.0,264.0,170.5288151786159
1296,1297,1297,24.5332733333333,0.0,0.580557,0.0872266666666667,0.0,264.0,168.18827032792169
1297,1298,1298,23.9120875,0.0,0.589067,0.07371875,0.0,264.0,166.37957154260334
1298,1299,1299,23.33165078125,0.0,0.579163,0.0621875,0.0,264.0,164.93444511688608
1299,1300,1300,22.7668765625,0.0,0.583802,0.0523125,0.0,264.0,165.0295105247356
1300,1301,1301,22.18659296875,0.0,0.643379,0.04325625,0.0,264.0,166.15285944577758
1301,1302,1302,21.6342765625,0.0,0.717314,0.0353,0.0,264.0,166.71540768525466
1302,1303,1303,21.18405,0.0,0.759697,0.0283857142857143,0.0,264.0,167.05856031551554
1303,1304,1304,20.860371875,0.0,0.578722,0.0230916666666667,0.0,264.0,167.28756133969853
1304,1305,1305,20.6676101851852,0.0,0.514907,0.0198592592592593,0.0,263.851851851852,167.45395802163893
1305,1306,1306,20.5179770833333,0.2032,0.446472,0.016,20.32,263.0,166.86981745148086
1306,1307,1307,20.3289701086957,0.0,0.512784,0.0134478260869565,0.0,263.0,165.55707860970026
1307,1308,1308,20.1740525,0.1524,0.370859,0.010224,15.24,263.0,167.06767174116098
1308,1309,1309,19.9637375,0.0,0.496247,0.0080633333333333,0.0,263.0,168.82100043488768
1309,1310,1310,19.7735416666667,0.0,0.42054,0.0058166666666666,0.0,263.0,168.66157059546316
1310,1311,1311,19.609975,0.0,0.411674,0.0039066666666666,0.0,262.666666666667,168.55025320105514
1311,1312,1312,19.5340384615385,0.0,0.36549,0.0023638461538461,0.0,262.0,168.47874467915082
1312,1313,1313,19.5555875,0.1778,0.127811,0.0005731428571428,17.78,262.0,171.08540878974273
1313,1314,1314,19.45864375,0.0,0.324637,0.000577625,0.0,262.0,173.89247790862836
1314,1315,1315,19.6084176535088,0.1524,0.281159,0.0015795614035087,15.24,262.09649122807,176.71033080862506
1315,1316,1316,19.8968145833333,0.635,0.11065,0.0021055555555555,63.5,263.0,184.64609707870704
1316,1317,1317,19.8730291666667,0.0,0.192289,0.00271,0.0,263.0,186.92940666367087
1317,1318,1318,19.7474666666667,0.0,0.239491,0.0032366666666666,0.0,263.0,186.92290879889265
1318,1319,1319,19.65114375,0.0,0.224849,0.003655,0.0,263.0,186.91538015186188
1319,1320,1320,19.5766375,0.0,0.218613,0.00399,0.0,263.0,186.9070306769605
1320,1321,1321,19.4732125,0.0,0.213591,0.0045056,0.0,263.0,186.8977544038586
1321,1322,1322,19.4556541666667,0.127,0.182385,0.00493,12.7,263.0,187.21677340260138
1322,1323,1323,19.388775,0.0,0.166826,0.00534,0.0,263.0,187.5366736610258
1323,1324,1324,19.32231875,0.0,0.169474,0.005675,0.0,263.0,187.5242258342004
1324,1325,1325,19.277825,0.0,0.143467,0.00594,0.0,263.0,187.51110525719352
1325,1326,1326,19.4120897727273,0.0,0.127819,0.0064096172248803,0.0,263.0,187.49715981824698
1326,1327,1327,19.7713349431818,0.7874,0.113002,0.0066836363636363,78.74,263.0,189.64983047170796
1327,1328,1328,19.8334013888889,0.1016,0.10127,0.0070222222222222,10.16,263.0,192.17607545969886
1328,1329,1329,19.83436875,0.0,0.081329539,0.0072825,0.0,263.0,192.45268259044602
1329,1330,1330,19.812975,0.0,0.0685063,0.0075825,0.0,263.0,192.4309802496686
1330,1331,1331,19.8836203125,0.0,0.0735716,0.00776828125,0.0,263.0,192.40863687400005
1331,1332,1332,19.9908125,0.4064,0.0803292,0.0079635714285714,40.64,263.0,193.61018384449508
1332,1333,1333,19.9671375,0.0,0.0764923,0.0080828571428571,0.0,263.0,194.83218732591604
1333,1334,1334,19.9303375,0.0,0.0787295,0.0081435714285714,0.0,263.0,194.8057607939293
1334,1335,1335,19.891865,0.0,0.072818,0.0081636666666666,0.0,263.0,194.77921876440388
1335,1336,1336,20.0039861111111,0.0,0.0936105,0.0080931746031746,0.0,263.0,194.75277537744793
1336,1337,1337,20.158621875,0.5334,0.0576024,0.0080825,53.34,263.0,196.38157688970742
1337,1338,1338,20.1678,0.0,0.0830997,0.0080071428571428,0.0,263.0,198.05352072114215
1338,1339,1339,20.1434490384615,0.0,0.0744968,0.0079553846153846,0.0,263.0,198.02301330519563
1339,1340,1340,20.120515625,0.0,0.0689958,0.007895,0.0,263.0,197.992797235284
1340,1341,1341,20.0917669354839,0.0,0.0668501,0.0078170967741935,0.0,263.0,197.9630250042125
1341,1342,1342,20.1089,0.0,0.070024,0.0077711428571428,0.0,263.0,197.93353918966068
1342,1343,1343,20.1949825,0.2794,0.0625049,0.007703,27.94,263.0,198.82480749609962
1343,1344,1344,20.1782291666667,0.0,0.0669247,0.0076266666666666,0.0,263.0,199.7358033767009
1344,1345,1345,20.1612716666667,0.0,0.0624756,0.0075486666666666,0.0,263.0,199.70455148251295
1345,1346,1346,20.137875462963,0.0,0.0657538,0.0074755555555555,0.0,263.0,199.6737681410666
1346,1347,1347,20.1119963068182,0.0,0.0649161,0.0074175,0.0,263.0,199.64322977435648
1347,1348,1348,20.0754111764706,0.0,0.0653659,0.007342,0.0,263.0,199.61287536693928
1348,1349,1349,20.0413584951456,0.0,0.0885809,0.0072727184466019,0.0,263.0,199.58281376993332
1349,1350,1350,20.257620893595,0.0,0.0423895,0.0072184779614325,0.0,263.0,199.5530227836973
1350,1351,1351,21.0962805555556,1.397,0.0321829,0.0071461111111111,139.7,263.0,204.66763558168523
1351,1352,1352,21.6533355769231,0.2286,0.0190652,0.0070532692307692,22.86,263.0,211.23215910878048
1352,1353,1353,22.0778910714286,0.9652,0.0441263,0.0069955782312925,96.52,263.0,217.09731952864803
1353,1354,1354,22.13188125,0.0,0.0663226,0.00691,0.0,263.0,222.47445212583438
1354,1355,1355,22.180746875,0.0,0.0441343,0.0068325,0.0,263.0,222.39302515157655
1355,1356,1356,22.1719458333333,0.0,0.0405537,0.0067522222222222,0.0,263.0,222.3126351232058
1356,1357,1357,22.153665625,0.0,0.0419871,0.00667375,0.0,263.0,222.23354854874864
1357,1358,1358,22.1361397727273,0.0,0.0306754,0.0065863636363636,0.0,263.0,222.15587978450606
1358,1359,1359,22.1094890625,0.0,0.0546984,0.00649125,0.0,263.0,222.07946127136546
1359,1360,1360,22.08278515625,0.0,0.0615544,0.006390625,0.0,263.0,222.00456318028932
1360,1361,1361,22.0533541666667,0.0,0.042473,0.0062538095238095,0.0,263.0,221.93136696465706
1361,1362,1362,22.0194625,0.0,0.0604735,0.0060742307692307,0.0,263.0,221.86000704287176
1362,1363,1363,21.9793427325581,0.0,0.0556261,0.0058353488372093,0.0,263.0,221.79123954528504
1363,1364,1364,21.9311611842105,0.0,0.0821319,0.0055540350877193,0.0,263.0,221.72578949415387
1364,1365,1365,21.8823290492958,0.0,0.0742753,0.0052184507042253,0.0,262.30985915493,221.6639510693803
1365,1366,1366,21.8294280555556,0.0,0.0668044,0.0048204444444444,0.0,262.0,221.6064368223585
1366,1367,1367,21.7826206460674,0.0,0.0810506,0.0044151685393258,0.0,262.0,221.55392150098737
1367,1368,1368,21.742371875,0.0,0.0452076,0.0039398863636363,0.0,262.0,221.50649288512295
1368,1369,1369,21.7020231707317,0.0,0.060748,0.0034808536585365,0.0,262.0,221.46439372358057
1369,1370,1370,21.6457847107438,0.0,0.0411111,0.002955041322314,0.0,262.0,221.42790003550797
1370,1371,1371,21.590010738255,0.0,0.107574,0.0025331543624161,0.0,262.0,221.3967954774963
1371,1372,1372,21.5532341008772,0.0,0.0413808,0.0020707017543859,0.0,262.0,221.3708151757265
1372,1373,1373,21.512315625,0.0,0.0351614,0.0016065178571428,0.0,262.0,221.35014927404723
1373,1374,1374,21.4670139008621,0.0,0.0651091,0.0012119827586206,0.0,262.0,221.33431233750758
1374,1375,1375,21.427664504717,0.0,0.0481321,0.0008339433962264,0.0,262.0,221.32281317946737
1375,1376,1376,21.3870960585586,0.0,0.0386134,0.0004898108108108,0.0,262.0,221.31537357297708
1376,1377,1377,21.3469511111111,0.0,0.0594438,0.0001633381666666,0.0,262.0,221.31170310116306
1377,1378,1378,21.3167584677419,0.0,0.0611219,0.0001257478801843,0.0,262.0,221.31007859337058
1378,1379,1379,21.28766875,0.0,0.0499141,0.0003498571428571,0.0,262.0,221.30740602381613
1379,1380,1380,21.2588335365854,0.0,0.0374531,0.0005622195121951,0.0,262.0,221.302281061009
1380,1381,1381,21.2327783333333,0.0,0.0246727,0.000752219047619,0.0,262.0,221.29489585829515
1381,1382,1382,21.2063575797872,0.0,0.0269695,0.0009116276595744,0.0,262.0,221.28554857053183
1382,1383,1383,21.1807768041237,0.0,0.0263838,0.0010530515463917,0.0,262.0,221.2745103667835
1383,1384,1384,21.1552339285714,0.0,0.0475638,0.0011674829931972,0.0,262.0,221.26200489068896
1384,1385,1385,21.1324856598985,0.0,0.0441859,0.0012614213197969,0.0,262.0,221.2483194450208
1385,1386,1386,21.1081071428571,0.0,0.0438094,0.0013356122448979,0.0,262.0,221.23368951977855
1386,1387,1387,21.084505179558,0.0,0.0281898,0.0013974585635359,0.0,262.0,221.21829640981684
1387,1388,1388,21.0619285596027,0.0,0.0465467,0.0014529139072847,0.0,262.0,221.20224608482937
1388,1389,1389,21.0399905594406,0.0,0.0888741,0.0014781118881118,0.0,262.0,221.18574527674747
1389,1390,1390,21.0181917572464,0.0,0.0813092,0.0014928985507246,0.0,262.0,221.16902892889703
1390,1391,1391,20.9981212740385,0.0,0.0425922,0.0014929807692307,0.0,262.0,221.15232064070503
1391,1392,1392,20.9777042553191,0.0,0.0283475,0.0014968085106383,0.0,262.0,221.1356303665581
1392,1393,1393,20.9586970833333,0.0,0.0424903,0.00148525,0.0,262.225,221.11898672768478
1393,1394,1394,20.9393398148148,0.0,0.0294066,0.0014581481481481,0.0,263.0,221.10255637457828
1394,1395,1395,20.9195081666667,0.0,0.018961,0.0014241333333333,0.0,263.0,221.08646746205477
1395,1396,1396,20.9016470833333,0.0,0.0416246,0.0014031666666666,0.0,263.0,221.0706889010958
1396,1397,1397,20.88231640625,0.0,0.0500376,0.0013696428571428,0.0,263.0,221.05521775506358
1397,1398,1398,20.8648892123288,0.0,0.0369461,0.0013205479452054,0.0,263.0,221.04021072509204
1398,1399,1399,20.846515719697,0.0,0.0131513,0.0012693939393939,0.0,263.0,221.02576584385196
1399,1400,1400,20.8282294230769,0.0,0.0257859,0.0012227692307692,0.0,263.0,221.011869004854
1400,1401,1401,20.8095604452055,0.0,0.0250878,0.0011671232876712,0.0,263.0,220.99854493796096
1401,1402,1402,20.7934190789474,0.0,0.029803,0.001118947368421,0.0,263.0,220.9858019746669
1402,1403,1403,20.7754384328358,0.0,0.0409578,0.00106,0.0,263.0,220.97365821044005
1403,1404,1404,20.7586305555556,0.0,0.0169548,0.0009998492063492,0.0,263.0,220.96218006823585
1404,1405,1405,20.7492228125,0.0,0.0405987,0.00096185,0.0,263.0,220.95125056071302
1405,1406,1406,20.7517784090909,0.1016,0.0121126,0.000883909090909,10.16,263.0,221.5623456514548
1406,1407,1407,20.7494,0.0,0.0193419,0.0008146071428571,0.0,263.0,222.18462513311505
1407,1408,1408,20.7310386111111,0.0,0.0515258,0.0007576888888888,0.0,263.0,222.17537105939545
1408,1409,1409,20.7030404411765,0.0,0.0406893,0.0006983725490196,0.0,263.0,222.1668021336555
1409,1410,1410,20.6842669444444,0.0,0.0179985,0.000634,0.0,263.0,222.15896198123014
1410,1411,1411,20.6636968023256,0.0,0.0211243,0.0005683255813953,0.0,263.0,222.15188777965054
1411,1412,1412,20.64500375,0.0,0.0259213,0.00050664,0.0,263.0,222.14556350320197
1412,1413,1413,20.6273830409357,0.0,0.0327677,0.0004466257309941,0.0,263.0,222.13995566497164
1413,1414,1414,20.6107168316832,0.0,0.0524123,0.0003949801980198,0.0,263.0,222.1350050458708
1414,1415,1415,20.5955985576923,0.0,0.0422853,0.0003252307692307,0.0,263.0,222.13076877602984
1415,1416,1416,20.5809644444444,0.0,0.00927387,0.0002637111111111,0.0,263.0,222.12730480790563
1416,1417,1417,20.5655486842105,0.0,0.0201515,0.0001999243421052,0.0,263.0,222.12457796559852
1417,1418,1418,20.548559868421,0.0,0.0650637,0.000146072368421,0.0,263.0,222.12254307299918
1418,1419,1419,20.5346517857143,0.0,0.0231674,8.29775510204082e-05,0.0,263.0,222.12119600419715
1419,1420,1420,20.5246125,0.0,0.00614993,2.70245e-05,0.0,263.0,222.12054907817023
1420,1421,1421,20.5154276515152,0.0,0.00470423,2.85751515151515e-05,0.0,263.0,222.1202220966464
1421,1422,1422,20.5587768410853,0.0,0.00694369,9.79354263565891e-05,0.0,263.0,222.11947809305696
1422,1423,1423,20.7195247159091,0.3302,0.00426922,0.0001478613636363,33.02,263.0,224.35287142867767
1423,1424,1424,20.746359375,0.1016,0.00502505,0.00019075,10.16,263.0,227.5259594120536
1424,1425,1425,20.7406208333333,0.0,0.00466281,0.000247,0.0,263.0,228.34530151398113
1425,1426,1426,20.7424875,0.0,0.00328366,0.0002945,0.0,263.0,228.34087658832277
1426,1427,1427,20.741175,0.0,0.0109683,0.000332,0.0,263.0,228.33578561834548
1427,1428,1428,20.7419625,0.0,0.00373111,0.000382,0.0,263.0,228.32998526030576
1428,1429,1429,20.7424,0.0,0.004444,0.000437,0.0,263.0,228.32333239322594
1429,1430,1430,20.742575,0.0,0.00325719,0.000489,0.0,263.0,228.31581097244134
1430,1431,1431,20.728925,0.0,0.0258742,0.0005505,0.0,263.0,228.3073684382699
1431,1432,1432,20.726125,0.0,0.00319659,0.000586,0.0,263.0,228.29813905324679
1432,1433,1433,20.7232375,0.0,0.00744809,0.00063,0.0,263.0,228.28826516205237
1433,1434,1434,20.711775,0.0,0.0199537,0.0006855,0.0,263.0,228.277584618283
1434,1435,1435,20.7069625,0.0,0.00508487,0.000717,0.0,263.0,228.26619919496906
1435,1436,1436,20.6835125,0.0,0.0240416,0.0007958,0.0,263.0,228.25392006072053
1436,1437,1437,20.64395,0.0,0.0525506,0.0008435714285714,0.0,263.0,228.24061556533482
1437,1438,1438,20.61679375,0.0,0.0770139,0.0008803333333333,0.0,263.0,228.22662726906347
1438,1439,1439,20.6045525,0.0,0.0199631,0.0009164,0.0,263.0,228.21205046009737
1439,1440,1440,20.5942275,0.0,0.00650635,0.0009516,0.0,263.0,228.1968989405205
1440,1441,1441,20.5833775,0.0,0.0122613,0.0009834,0.0,263.0,228.18121186093316
1441,1442,1442,20.573896875,0.0,0.0199143,0.001022,0.0,263.0,228.1649575698162
1442,1443,1443,20.56376,0.0,0.00606139,0.001062,0.0,263.0,228.14806949018367
1443,1444,1444,20.5458895833333,0.0,0.0198262,0.0010933333333333,0.0,263.0,228.13060687017725
1444,1445,1445,20.5302125,0.0,0.0343726,0.001124,0.0,263.0,228.11265254943385
1445,1446,1446,20.51686,0.0,0.0160516,0.001144,0.0,263.0,228.09440873003203
1446,1447,1447,20.507834375,0.0,0.00904196,0.00117,0.0,263.0,228.07584778316948
1447,1448,1448,20.498275,0.0,0.00238929,0.001194,0.0,263.0,228.05688788638176
1448,1449,1449,20.486235,0.0,0.0214482,0.001214,0.0,263.0,228.03757945177222
1449,1450,1450,20.4692541666667,0.0,0.0133152,0.0012533333333333,0.0,263.0,228.01779980928595
1450,1451,1451,20.442125,0.0,0.0353449,0.0012742857142857,0.0,263.0,227.99754166308583
1451,1452,1452,20.4138125,0.0,0.0487155,0.00129,0.0,263.0,227.97699458793022
1452,1453,1453,20.3886625,0.0,0.0308196,0.0013057142857142,0.0,263.0,227.95620075193898
1453,1454,1454,20.365375,0.0,0.0336481,0.0013257142857142,0.0,263.0,227.93512601922038
1454,1455,1455,20.3402625,0.0,0.0277177,0.0013414285714285,0.0,263.0,227.91377060304507
1455,1456,1456,20.3171289007092,0.0,0.0378182,0.0013587234042553,0.0,263.0,227.89215636918524
1456,1457,1457,20.2995379132231,0.0,0.0450697,0.001368347107438,0.0,263.0,227.87037730748003
1457,1458,1458,20.2826713917526,0.0,0.0307097,0.001370206185567,0.0,263.0,227.8486657627846
1458,1459,1459,20.2940763377926,0.0,0.0358115,0.0013654371237458,0.0,263.0,227.82699497471134
1459,1460,1460,20.4036617647059,0.2286,0.0165295,0.0014044117647058,22.86,263.0,229.77927024133288
1460,1461,1461,20.4834875,0.1524,0.00102791,0.0014172727272727,15.24,263.0,233.48686561378463
1461,1462,1462,20.4721125,0.0,0.0022009,0.0014266666666666,0.0,263.0,235.18789980931308
1462,1463,1463,20.47110625,0.0,0.00129423,0.00144,0.0,263.0,235.15142698147937
1463,1464,1464,20.591595751634,0.0,0.00085436,0.0014545098039215,0.0,263.0,235.1149964691447
1464,1465,1465,20.7637107758621,0.4064,0.00214065,0.001466724137931,40.64,263.0,240.81536775577587
1465,1466,1466,20.9116970588235,0.1778,0.00147806,0.0014776470588235,17.78,263.0,242.6410174778136
1466,1467,1467,20.97694375,0.0,0.000470098,0.0014788235294117,0.0,263.0,241.51683933532985
1467,1468,1468,21.0748443181818,0.1778,0.00366026,0.00149,17.78,263.0,240.3485051295508
1468,1469,1469,21.090685,0.0,0.0122831,0.001504,0.0,263.0,239.16276971973627
1469,1470,1470,21.0877625,0.0,0.0225123,0.0015133333333333,0.0,263.0,239.1781593180654
1470,1471,1471,21.087325,0.0,0.0119989,0.001525,0.0,263.0,239.19365332306353
1471,1472,1472,21.0761833333333,0.0,0.0361683,0.00154,0.0,263.0,239.20928056796748
1472,1473,1473,21.07494375,0.0,0.00696455,0.001555,0.0,263.0,239.22505797409553
1473,1474,1474,21.075775,0.0,0.00539533,0.001565,0.0,263.0,239.24095998153092
1474,1475,1475,21.0728875,0.0,0.0105943,0.00157,0.0,263.0,239.25693556795738
1475,1476,1476,21.0588291666667,0.0,0.021912,0.0015766666666666,0.0,263.0,239.2729688738009
1476,1477,1477,21.0419125,0.0,0.0252384,0.0015775,0.0,263.0,239.28905032628484
1477,1478,1478,21.0293708333333,0.0,0.0367834,0.0015766666666666,0.0,263.0,239.30511251214395
1478,1479,1479,21.023275,0.0,0.00843717,0.00157,0.0,263.0,239.3211388684398
1479,1480,1480,21.01981875,0.0,0.00390597,0.001565,0.0,263.0,239.33710464227687
1480,1481,1481,21.0195125,0.0,0.00263168,0.00155,0.0,263.0,239.35296571308993
1481,1482,1482,21.014875,0.0,0.00885504,0.00153,0.0,263.0,239.3686457759219
1482,1483,1483,20.9981625,0.0,0.030043,0.001495,0.0,263.0,239.3840431400422
1483,1484,1484,20.98495,0.0,0.00976209,0.0014566666666666,0.0,263.0,239.3990646517746
1484,1485,1485,20.9795090909091,0.0,0.0291486,0.0014313636363636,0.0,263.0,239.4137598296103
1485,1486,1486,21.0250075,0.1016,0.00468552,0.001378,10.16,263.0,238.7292448577601
1486,1487,1487,21.0227791666667,0.0,0.00543287,0.0013266666666666,0.0,263.0,238.04171257860364
1487,1488,1488,21.01295,0.0,0.0214528,0.001285,0.0,263.0,238.05546058675523
1488,1489,1489,20.995275,0.0,0.0279221,0.00122,0.0,263.0,238.06864648554938
1489,1490,1490,20.9716125,0.0,0.0292212,0.0011571428571428,0.0,263.0,238.08114789079298
1490,1491,1491,20.9377154411765,0.0,0.0549325,0.001105294117647,0.0,263.0,238.0930324782128
1491,1492,1492,20.9008135,0.0,0.0637085,0.001052,0.0,263.6,238.10436243341633
1492,1493,1493,20.8699458333333,0.0,0.0573766,0.0009999047619047,0.0,264.0,238.11513756407317
1493,1494,1494,20.8505701923077,0.0,0.0263234,0.0009458461538461,0.0,264.0,238.12535454675998
1494,1495,1495,20.8528152777778,0.0,0.00484998,0.0008962592592592,0.0,264.0,238.13503841758273
1495,1496,1496,20.9454205882353,0.127,0.00336895,0.0008327058823529,12.7,264.0,237.25718947379124
1496,1497,1497,20.9788796875,0.127,0.00296665,0.000798,12.7,264.0,235.44401408330896
1497,1498,1498,20.9794375,0.0,0.00370344,0.000744,0.0,264.0,234.51971947126208
1498,1499,1499,21.0220871875,0.0,0.00562929,0.000685,0.0,264.0,234.52805370094075
1499,1500,1500,21.09426375,0.1778,0.0046069,0.0006539,17.78,264.0,233.19701321648415
1500,1501,1501,21.1075666666667,0.0,0.00796147,0.000603,0.0,264.0,231.84352141165047
1501,1502,1502,21.1127875,0.0,0.00566887,0.0005655,0.0,264.0,231.85084349259353
1502,1503,1503,21.114975,0.0,0.00402142,0.000535,0.0,264.0,231.85773896693223
1503,1504,1504,21.115675,0.0,0.00538728,0.000499,0.0,264.0,231.8642173261889
1504,1505,1505,21.11585,0.0,0.00641047,0.000463,0.0,264.0,231.87024419556528
1505,1506,1506,21.1131375,0.0,0.0102645,0.000431,0.0,264.0,231.875844715135
1506,1507,1507,21.11025,0.0,0.00561691,0.0004,0.0,264.0,231.88105027919534
1507,1508,1508,21.1331575,0.0,0.00493182,0.0003686,0.0,264.0,231.88586470938415
1508,1509,1509,21.2660344262295,0.1524,0.00539431,0.000335344262295,15.24,264.0,230.68496510747104
1509,1510,1510,21.3954845588235,0.254,0.00522073,0.0003071176470588,25.4,264.0,227.31469303589182
1510,1511,1511,21.423745,0.0,0.00372547,0.0002794,0.0,264.0,225.1110784370625
1511,1512,1512,21.4302666666667,0.0,0.00383773,0.000256,0.0,264.0,225.11513957774565
1512,1513,1513,21.425425,0.0,0.0137385,0.0002315,0.0,264.0,225.11883725118992
1513,1514,1514,21.4048625,0.0,0.0327329,0.0002003333333333,0.0,264.0,225.12211258877204
1514,1515,1515,21.381885,0.0,0.0439144,0.000173,0.0,264.0,225.12494413852448
1515,1516,1516,21.3559875,0.0,0.0396244,0.000143,0.0,264.0,225.12734078483393
1516,1517,1517,21.33285,0.0,0.0416395,0.000112425,0.0,264.0,225.12927797152236
1517,1518,1518,21.30524375,0.0,0.0372,7.764e-05,0.0,264.0,225.13071943434252
1518,1519,1519,21.2725578947368,0.0,0.0366425,3.93526315789474e-05,0.0,264.0,225.13160670300647
1519,1520,1520,21.2413610294118,0.0,0.06742,2.724e-06,0.0,264.0,225.13192580911132
1520,1521,1521,21.2141382352941,0.0,0.0298746,4.56470588235294e-05,0.0,264.0,225.13229264920193
1521,1522,1522,21.1889227941176,0.0,0.0355839,9.45705882352941e-05,0.0,264.0,225.13335603497666
1522,1523,1523,21.1910698275862,0.0,0.0297496,0.0001415827586206,0.0,264.0,225.13514695633515
1523,1524,1524,21.2554453125,0.1778,0.0127787,0.000201125,17.78,264.0,223.5117272311884
1524,1525,1525,21.242725,0.0,0.0149068,0.0002646666666666,0.0,264.0,221.84575284154295
1525,1526,1526,21.2274125,0.0,0.0320924,0.0003255,0.0,264.0,221.85067692103135
1526,1527,1527,21.2084541666667,0.0,0.0220908,0.0004063333333333,0.0,264.0,221.85678269483668
1527,1528,1528,21.17527125,0.0,0.0336703,0.0004846,0.0,264.0,221.8642154095465
1528,1529,1529,21.1306713709677,0.0,0.0657384,0.000556,0.0,264.0,221.87289611235911
1529,1530,1530,21.0882,0.0,0.0881779,0.0006168709677419,0.0,264.0,221.88267941787228
1530,1531,1531,21.054696875,0.0,0.0374961,0.0006853214285714,0.0,264.0,221.89354042833847
1531,1532,1532,21.026928125,0.0,0.0376136,0.00074875,0.0,264.0,221.90550016396878
1532,1533,1533,20.9969117647059,0.0,0.0327452,0.0008127647058823,0.0,264.0,221.91852128190015
1533,1534,1534,20.9650291666667,0.0,0.0468096,0.0008665,0.0,264.0,221.93250879190032
1534,1535,1535,20.938058203125,0.0,0.034992,0.00091909375,0.0,264.0,221.9472948505768
1535,1536,1536,20.9078033783784,0.0,0.0265231,0.0009698648648648,0.0,264.0,221.9629265909589
1536,1537,1537,20.8732925531915,0.0,0.0432509,0.001014,0.0,264.0,221.97934135323408
1537,1538,1538,20.8428013888889,0.0,0.0437371,0.00105,0.0,264.0,221.99641660162808
1538,1539,1539,20.8084661458333,0.0,0.0278823,0.0010879166666666,0.0,264.0,222.01410059087684
1539,1540,1540,20.7575120145631,0.0,0.0530397,0.0011182524271844,0.0,264.0,222.03233729443406
1540,1541,1541,20.7121085332103,0.0,0.0651318,0.0011459040590405,0.0,264.0,222.0510407600574
1541,1542,1542,20.6946833333333,0.0,0.0607057,0.0011698611111111,0.0,264.0,222.07016723181124
1542,1543,1543,20.6910414772727,0.1016,0.0355191,0.0011790909090909,10.16,264.0,221.10052741034394
1543,1544,1544,20.6714277777778,0.0,0.0515243,0.0011913333333333,0.0,264.0,220.11800935348663
1544,1545,1545,20.6501361111111,0.0,0.0456733,0.0011952777777777,0.0,264.305555555556,220.1388549151527
1545,1546,1546,20.64496875,0.1016,0.0426792,0.0011990909090909,10.16,265.0,219.13231694508158
1546,1547,1547,20.6166462209302,0.0,0.0647465,0.0012006976744186,0.0,265.0,218.10961007861397
1547,1548,1548,20.5996858490566,0.0,0.0427876,0.0011988679245283,0.0,265.0,218.13191856631755
1548,1549,1549,20.6555915322581,0.1524,0.0253456,0.001188064516129,15.24,265.0,216.51811719605325
1549,1550,1550,20.720109375,0.1524,0.0248194,0.00117875,15.24,265.0,213.08799734313072
1550,1551,1551,20.7052125,0.0,0.023597,0.0011633333333333,0.0,265.0,211.2915926475504
1551,1552,1552,20.75193421875,0.0,0.0340234,0.001140875,0.0,265.0,211.3179097679497
1552,1553,1553,20.8317433333333,0.2794,0.0157696,0.0011193333333333,27.94,265.0,207.67697260681112
1553,1554,1554,20.8246208333333,0.0,0.0166573,0.0011,0.0,265.0,203.76678147033766
1554,1555,1555,20.819925,0.0,0.0182581,0.00107,0.0,265.0,203.79854188437014
1555,1556,1556,20.79494375,0.0,0.0365466,0.0010325,0.0,265.0,203.82931045172216
1556,1557,1557,20.76235,0.0,0.0573396,0.0009975384615384,0.0,265.0,203.85901753308755
1557,1558,1558,20.7207875,0.0,0.069994,0.0009637777777777,0.0,265.0,203.8877133345884
1558,1559,1559,20.6691689814815,0.0,0.0740848,0.0009272592592592,0.0,265.0,203.915375424562
1559,1560,1560,20.6193243421053,0.0,0.0866254,0.000888697368421,0.0,265.0,203.9419341888697
1560,1561,1561,20.5643125,0.0,0.0682535,0.0008469795918367,0.0,265.0,203.96731422413035
1561,1562,1562,20.5103464430894,0.0,0.0720655,0.0008077208672086,0.0,265.0,203.99150596279512
1562,1563,1563,20.4760699052133,0.0,0.0818687,0.0007867109004739,0.0,265.0,204.01481314023016
1563,1564,1564,20.4486515625,0.0,0.0593166,0.0007407559523809,0.0,265.0,204.03715246830203
1564,1565,1565,20.4231213682432,0.0,0.051199,0.0006954864864864,0.0,265.0,204.05816479667115
1565,1566,1566,20.4007348684211,0.0,0.0653765,0.0006531729323308,0.0,265.0,204.07786387865542
1566,1567,1567,20.3897160326087,0.0,0.0905965,0.0006062826086956,0.0,265.0,204.0961069402226
1567,1568,1568,20.39828984375,0.127,0.02095,0.0005669375,12.7,265.0,202.11267665619508
1568,1569,1569,20.3946604166667,0.0,0.0357531,0.0005244333333333,0.0,265.0,200.04225741389396
1569,1570,1570,20.3542929487179,0.0,0.0538971,0.0004641428571428,0.0,265.0,200.0589599760335
1570,1571,1571,20.3260141081871,0.0,0.0787454,0.000466865497076,0.0,265.0,200.0746884886031
1571,1572,1572,20.3101048828125,0.0,0.0516318,0.00041575,0.0,265.0,200.0895979890638
1572,1573,1573,20.2986222014925,0.0762,0.0552734,0.0003700149253731,7.62,265.0,198.75341789011884
1573,1574,1574,20.2777228723404,0.0,0.0487649,0.0003407925531914,0.0,265.0,197.3711514421899
1574,1575,1575,20.2553203125,0.0,0.0571427,0.0003088461538461,0.0,265.0,197.38333492499308
1575,1576,1576,20.2383893055556,0.0,0.0660977,0.0002763666666666,0.0,265.0,197.3943093412335
1576,1577,1577,20.2218130882353,0.0,0.0691943,0.0002423764705882,0.0,265.0,197.4040366211862
1577,1578,1578,20.2067671296296,0.0,0.0680917,0.0002045802469135,0.0,265.0,197.4124184285739
1578,1579,1579,20.190694778481,0.0,0.0784309,0.0001754050632911,0.0,265.0,197.41954753140982
1579,1580,1580,20.1759420454545,0.0,0.0679642,0.0001354415584415,0.0,265.0,197.42537869471175
1580,1581,1581,20.1614431666667,0.0,0.0803546,0.0001012973333333,0.0,265.0,197.4298183355858
1581,1582,1582,20.1473396959459,0.0,0.0605154,6.43527027027027e-05,0.0,265.0,197.4329247137184
1582,1583,1583,20.1328774305556,0.0,0.0743598,2.81704166666667e-05,0.0,265.0,197.4346597411292
1583,1584,1584,20.1184646126761,0.0,0.0890179,5.14371830985915e-06,0.0,265.0,197.43528445472185
1584,1585,1585,20.2069436887255,0.0,0.0974345,0.0003585806505602,0.0,265.0,197.44210474926672
1585,1586,1586,20.6005413357401,0.635,0.0441009,7.32739855595668e-05,63.5,265.0,183.16934158490326
1586,1587,1587,20.9477988207547,0.6858,0.0457418,0.0001086528301886,68.58,265.0,192.16627665861193
1587,1588,1588,20.9350193181818,0.0,0.0706589,0.0001560909090909,0.0,265.0,200.92549679966342
1588,1589,1589,20.8750026041667,0.0,0.100175,0.000193125,0.0,265.0,200.92223431297975
1589,1590,1590,20.8148959375,0.0,0.108849,0.0002278,0.0,265.0,200.9183020062644
1590,1591,1591,20.7491240384615,0.0,0.0968425,0.0002663589743589,0.0,265.0,200.91368569583665
1591,1592,1592,20.6902388480392,0.0,0.112099,0.0003050980392156,0.0,265.0,200.90834749156465
1592,1593,1593,20.6340201271186,0.0,0.0815842,0.0003420593220338,0.0,265.0,200.9023024063722
1593,1594,1594,20.5878355088496,0.0,0.0824045,0.0003683274336283,0.0,265.699115044248,200.89566702124944
1594,1595,1595,20.5566227272727,0.0,0.04615043,0.0004070129870129,0.0,266.0,200.88842532338194
1595,1596,1596,20.6880229129264,0.0,0.037814,0.0004213412926391,0.0,266.0,200.8806889216471
1596,1597,1597,20.95518125,0.762,0.0413175,0.000469119047619,76.2,266.0,209.6140120894219
1597,1598,1598,20.9770925,0.0,0.0560113,0.0005002,0.0,266.0,215.73137702378568
1598,1599,1599,21.1328163732394,0.0,0.08579539,0.0005270774647887,0.0,266.0,215.7263653217169
1599,1600,1600,21.3928058139535,0.635,0.029837,0.0005482790697674,63.5,266.0,218.96119807965417
1600,1601,1601,21.338625,0.0,0.105751,0.0005689,0.0,266.0,222.26526488431753
1601,1602,1602,21.2489375,0.0,0.124524,0.0005822,0.0,266.0,222.25898094603673
1602,1603,1603,21.2555689903846,0.0,0.139837,0.0005909038461538,0.0,266.0,222.2525771664607
1603,1604,1604,21.3406534090909,0.381,0.124621,0.0005984545454545,38.1,266.0,224.0453004051798
1604,1605,1605,21.225771875,0.0,0.143962,0.00060175,0.0,266.0,225.69696938806476
1605,1606,1606,21.0866140625,0.0,0.216957,0.000598,0.0,266.0,225.67697206286698
1606,1607,1607,21.0321005681818,0.0,0.272218,0.0005802272727272,0.0,266.0,225.6573355309909
1607,1608,1608,20.9712854166667,0.0762,0.342278,0.0005763333333333,7.62,266.0,226.91947261627917
1608,1609,1609,20.9113625,0.0,0.359944,0.000556,0.0,266.0,228.208248704938
1609,1610,1610,20.8423409090909,0.0,0.407638,0.0005248181818181,0.0,266.0,228.1890445183502
1610,1611,1611,20.7445072916667,0.0,0.529503,0.00048675,0.0,266.0,228.17107251587308
1611,1612,1612,20.60506875,0.0,0.530608,0.000438,0.0,266.0,228.15464443464933
1612,1613,1613,20.5069056818182,0.0,0.634335,0.0003768636363636,0.0,266.0,228.14016963399064
1613,1614,1614,20.5566489583333,0.0762,0.530535,0.000320738095238,7.62,266.0,229.492771747798
1614,1615,1615,20.632478125,0.635,0.330551,0.0002519166666666,63.5,266.0,244.60065733948701
1615,1616,1616,20.3303,0.0,0.412459,0.0001552857142857,0.0,266.0,248.9884571581129
1616,1617,1617,20.1006640625,0.0,0.431511,7.5575e-05,0.0,266.0,248.98849312563937
1617,1618,1618,19.8531083333333,0.0,0.516446,8.64266666666667e-06,0.0,266.0,248.98850624661173
1618,1619,1619,19.6175291666667,0.0,0.60711,9.28111111111111e-05,0.0,266.0,248.98852205144362
1619,1620,1620,19.4156083333333,0.0,0.440763,0.0001738888888888,0.0,266.0,248.98856359969724
1620,1621,1621,19.1882140625,0.0,0.548019,0.00024875,0.0,266.0,248.98862944349725
1621,1622,1622,18.9575375,0.0,0.665563,0.0003132857142857,0.0,266.0,248.98871700883308
1622,1623,1623,18.7568125,0.0,0.587241,0.0003691428571428,0.0,266.0,248.98882333817124
1623,1624,1624,18.5896083333333,0.0,0.523707,0.0004088333333333,0.0,266.0,248.98894456435002
1624,1625,1625,18.42894375,0.0,0.422141,0.0004276666666666,0.0,266.0,248.98907492147092
1625,1626,1626,18.25908,0.0,0.474549,0.0004176,0.0,266.0,248.98920665764035
1626,1627,1627,18.092585,0.0,0.532475,0.0003682,0.0,266.0,248.98932913840767
1627,1628,1628,17.940475,0.0,0.494509,0.0002752,0.0,266.0,248.98942943328015
1628,1629,1629,17.802115625,0.0,0.514476,0.000150375,0.0,266.0,248.9894957777558
1629,1630,1630,17.64301875,0.0,0.573778,3.5245e-05,0.0,266.0,248.98952471536364
1630,1631,1631,17.484709375,0.0,0.575689,0.0002875,0.0,266.0,248.98957501877456
1631,1632,1632,17.3744375,0.0,0.553921,0.0005353333333333,0.0,266.0,248.98970327365788
1632,1633,1633,17.287725,0.0,0.370698,0.0008506666666666,0.0,266.0,248.98991932114706
1633,1634,1634,17.196725,0.0,0.42888,0.00121,0.0,266.0,248.99024057595335
1634,1635,1635,17.1367,0.0,0.236622,0.0015733333333333,0.0,266.0,248.9906745892968
1635,1636,1636,17.0437458333333,0.0,0.455289,0.0019466666666666,0.0,266.0,248.9912236292177
1636,1637,1637,16.93615,0.0,0.560969,0.00232,0.0,266.666666666667,248.99188937135665
1637,1638,1638,16.8445666666667,0.0,0.531973,0.00268,0.0,267.0,248.99267506896695
1638,1639,1639,16.77143125,0.0,0.518449,0.00298,0.0,267.0,248.99357304888457
1639,1640,1640,16.68471875,0.0,0.532045,0.00333,0.0,267.0,248.99457571715362
1640,1641,1641,16.598925,0.0,0.550841,0.003665,0.0,267.0,248.9956880615431
1641,1642,1642,16.5214,0.0,0.513667,0.004,0.0,267.0,248.99690732835893
1642,1643,1643,16.44111875,0.0,0.595369,0.00432,0.0,267.0,248.99822691349442
1643,1644,1644,16.3638125,0.0,0.613917,0.004625,0.0,267.0,248.99964577136421
1644,1645,1645,16.28703125,0.0,0.638158,0.00492,0.0,267.0,249.00116105696947
1645,1646,1646,16.2012375,0.0,0.732698,0.005205,0.0,267.0,249.00277389639996
1646,1647,1647,16.14554375,0.0,0.452774,0.005475,0.0,267.0,249.00449726931527
1647,1648,1648,16.09755,0.0,0.49848,0.005745,0.0,267.0,249.00631134912143
1648,1649,1649,16.045225,0.0,0.557182,0.00599,0.0,267.0,249.00821058915182
1649,1650,1650,15.99115,0.0,0.587434,0.00622,0.0,267.0,249.01018874417605
1650,1651,1651,15.9343625,0.0,0.667118,0.00645,0.0,267.0,249.012237908467
1651,1652,1652,15.8871125,0.0,0.703336,0.00661,0.0,267.0,249.0143620877384
1652,1653,1653,15.8144,0.0,0.604104,0.00685,0.0,267.0,249.01656765374628
1653,1654,1654,15.7784375,0.0,0.548353,0.007,0.0,267.0,249.01883979151796
1654,1655,1655,15.7388875,0.0,0.617818,0.00718,0.0,267.0,249.02116872109025
1655,1656,1656,15.693125,0.0,0.580223,0.00735,0.0,267.0,249.02356014402784
1656,1657,1657,15.6561125,0.0,0.568284,0.00749,0.0,267.0,249.0260325163277
1657,1658,1658,15.6165625,0.0,0.165487,0.00766,0.0,267.0,249.02856686469633
1658,1659,1659,15.6141125,0.0,0.491212,0.0078,0.0,267.0,249.0311562626389
1659,1660,1660,15.5831375,0.0,0.520796,0.00793,0.0,267.0,249.03379449811507
1660,1661,1661,15.551725,0.0,0.561647,0.00804,0.0,267.0,249.0364956293929
1661,1662,1662,15.5162875,0.0,0.538343,0.00818,0.0,267.0,249.0392465802954
1662,1663,1663,15.5297790948276,0.0,0.498957,0.0083228448275862,0.0,267.0,249.042044922516
1663,1664,1664,15.7014741071429,0.2286,0.142221,0.0084029591836734,22.86,267.0,248.36974286011852
1664,1665,1665,15.7782041666667,0.3302,0.447304,0.0084741666666666,33.02,267.0,246.69278598193122
1665,1666,1666,15.7196666666667,0.0,0.516299,0.0085933333333333,0.0,267.0,245.68635404139133
1666,1667,1667,15.67426875,0.0,0.558063,0.008665,0.0,267.0,245.68955951742475
1667,1668,1668,15.62089375,0.0,0.61608,0.00872,0.0,267.0,245.69282127509223
1668,1669,1669,15.5873375,0.0,0.558057,0.00876,0.0,267.0,245.6961237635262
1669,1670,1670,15.5414,0.0,0.478048,0.0088,0.0,267.0,245.69943505974624
1670,1671,1671,15.5064875,0.0,0.458276,0.00885,0.0,267.0,245.70278904071864
1671,1672,1672,15.480325,0.0,0.530692,0.00889,0.0,267.0,245.70619451288712
1672,1673,1673,15.5102035493827,0.0,0.518776,0.0089487654320987,0.0,267.0,245.70960014408752
1673,1674,1674,15.6187634615385,0.3048,0.464458,0.0089753846153846,30.48,267.0,244.75793721002017
1674,1675,1675,15.7098058189655,0.127,0.411115,0.0090094827586206,12.7,267.0,243.3912635181025
1675,1676,1676,15.8219125,0.3302,0.346647,0.0090007142857142,33.02,267.0,241.91090821588386
1676,1677,1677,15.83960625,0.0,0.423522,0.0090264285714285,0.0,267.0,240.83106189602188
1677,1678,1678,15.861575,0.127,0.353334,0.0090457142857142,12.7,267.0,240.41376796359344
1678,1679,1679,15.8149541666667,0.0,0.348624,0.0090666666666666,0.0,267.0,239.99365671117994
1679,1680,1680,15.8673304597701,0.0,0.360046,0.0090827586206896,0.0,267.0,239.99634227821207
1680,1681,1681,16.038290625,0.381,0.222577,0.0090877272727272,38.1,267.0,238.72246493690866
1681,1682,1682,16.1540951923077,0.2032,0.183518,0.0090807692307692,20.32,267.0,236.75526236585932
1682,1683,1683,16.1125825,0.0,0.254855,0.00908,0.0,267.0,236.0690401101451
1683,1684,1684,16.0554625,0.0,0.297377,0.00908,0.0,267.0,236.0679537482944
1684,1685,1685,16.01429375,0.0,0.261787,0.00908,0.0,267.0,236.06701449274465
1685,1686,1686,15.96765625,0.0,0.271179,0.00907,0.0,267.0,236.06624583180502
1686,1687,1687,15.9284125,0.0,0.287033,0.00907,0.0,267.0,236.065584184425
1687,1688,1688,15.874775,0.0,0.210568,0.00906,0.0,267.0,236.0650610354507
1688,1689,1689,15.839075,0.0,0.195049,0.00904,0.0,267.0,236.06469094005348
1689,1690,1690,15.8099375,0.0,0.203871,0.00902,0.0,267.0,236.06443596482117
1690,1691,1691,15.77905,0.0,0.170003,0.009,0.0,267.0,236.0643175214974
1691,1692,1692,15.9025538343558,0.0,0.157698,0.0089763190184049,0.0,267.0,236.06430282408343
1692,1693,1693,16.1097157407407,0.5842,0.148926,0.0089596296296296,58.42,267.0,234.1885277216387
1693,1694,1694,16.1688333333333,0.0,0.121157,0.0089416666666666,0.0,266.333333333333,232.48368704729208
1694,1695,1695,16.1617458333333,0.0,0.104078,0.00892,0.0,266.0,232.4535185517728
1695,1696,1696,16.149525,0.0,0.0895816,0.008895,0.0,266.0,232.42609007995577
1696,1697,1697,16.129728125,0.0,0.0780459,0.0088675,0.0,266.0,232.40084853335057
1697,1698,1698,16.1084145833333,0.0,0.072254,0.0088425,0.0,266.0,232.3776155874428
1698,1699,1699,16.09615,0.0,0.0742592,0.00883,0.0,266.0,232.35605919689013
